 *** Download Progress Summary as of Thu Jul 16 08:19:24 2026 *** 
===============================================================================
[#035835 81MiB/1.4GiB(5%) CN:8 DL:0B]
FILE: /home/ubuntu/.cache/h100-vllm/installers/cudnn-local-repo-ubuntu2204-9.17.1_1.0-1_amd64.deb
-------------------------------------------------------------------------------

[#035835 81MiB/1.4GiB(5%) CN:8 DL:0B]
 *** Download Progress Summary as of Thu Jul 16 08:19:25 2026 *** 
===============================================================================
[#035835 84MiB/1.4GiB(5%) CN:8 DL:3.9MiB ETA:5m59s]
FILE: /home/ubuntu/.cache/h100-vllm/installers/cudnn-local-repo-ubuntu2204-9.17.1_1.0-1_amd64.deb
-------------------------------------------------------------------------------

[#035835 84MiB/1.4GiB(5%) CN:8 DL:3.9MiB ETA:5m59s]
 *** Download Progress Summary as of Thu Jul 16 08:19:26 2026 *** 
===============================================================================
[#035835 88MiB/1.4GiB(5%) CN:8 DL:3.7MiB ETA:6m15s]
FILE: /home/ubuntu/.cache/h100-vllm/installers/cudnn-local-repo-ubuntu2204-9.17.1_1.0-1_amd64.deb
-------------------------------------------------------------------------------

[#035835 88MiB/1.4GiB(5%) CN:8 DL:3.7MiB ETA:6m15s]
 *** Download Progress Summary as of Thu Jul 16 08:19:27 2026 *** 
===============================================================================
[#035835 91MiB/1.4GiB(6%) CN:8 DL:3.5MiB ETA:6m33s]
FILE: /home/ubuntu/.cache/h100-vllm/installers/cudnn-local-repo-ubuntu2204-9.17.1_1.0-1_amd64.deb
-------------------------------------------------------------------------------

[#035835 91MiB/1.4GiB(6%) CN:8 DL:3.5MiB ETA:6m33s]
 *** Download Progress Summary as of Thu Jul 16 08:19:28 2026 *** 
===============================================================================
[#035835 94MiB/1.4GiB(6%) CN:8 DL:3.3MiB ETA:6m54s]
FILE: /home/ubuntu/.cache/h100-vllm/installers/cudnn-local-repo-ubuntu2204-9.17.1_1.0-1_amd64.deb
-------------------------------------------------------------------------------

[#035835 94MiB/1.4GiB(6%) CN:8 DL:3.3MiB ETA:6m54s]
 *** Download Progress Summary as of Thu Jul 16 08:19:29 2026 *** 
===============================================================================
[#035835 96MiB/1.4GiB(6%) CN:8 DL:3.1MiB ETA:7m19s]
FILE: /home/ubuntu/.cache/h100-vllm/installers/cudnn-local-repo-ubuntu2204-9.17.1_1.0-1_amd64.deb
-------------------------------------------------------------------------------

[#035835 96MiB/1.4GiB(6%) CN:8 DL:3.1MiB ETA:7m19s]
 *** Download Progress Summary as of Thu Jul 16 08:19:30 2026 *** 
===============================================================================
[#035835 99MiB/1.4GiB(6%) CN:8 DL:3.1MiB ETA:7m31s]
FILE: /home/ubuntu/.cache/h100-vllm/installers/cudnn-local-repo-ubuntu2204-9.17.1_1.0-1_amd64.deb
-------------------------------------------------------------------------------

[#035835 99MiB/1.4GiB(6%) CN:8 DL:3.1MiB ETA:7m31s]
 *** Download Progress Summary as of Thu Jul 16 08:19:31 2026 *** 
===============================================================================
[#035835 101MiB/1.4GiB(6%) CN:8 DL:3.0MiB ETA:7m41s]
FILE: /home/ubuntu/.cache/h100-vllm/installers/cudnn-local-repo-ubuntu2204-9.17.1_1.0-1_amd64.deb
-------------------------------------------------------------------------------

[#035835 101MiB/1.4GiB(6%) CN:8 DL:3.0MiB ETA:7m41s]
 *** Download Progress Summary as of Thu Jul 16 08:19:32 2026 *** 
===============================================================================
[#035835 104MiB/1.4GiB(6%) CN:8 DL:2.9MiB ETA:7m46s]
FILE: /home/ubuntu/.cache/h100-vllm/installers/cudnn-local-repo-ubuntu2204-9.17.1_1.0-1_amd64.deb
-------------------------------------------------------------------------------

[#035835 104MiB/1.4GiB(6%) CN:8 DL:2.9MiB ETA:7m46s]
 *** Download Progress Summary as of Thu Jul 16 08:19:33 2026 *** 
===============================================================================
[#035835 106MiB/1.4GiB(7%) CN:8 DL:2.8MiB ETA:8m5s]
FILE: /home/ubuntu/.cache/h100-vllm/installers/cudnn-local-repo-ubuntu2204-9.17.1_1.0-1_amd64.deb
-------------------------------------------------------------------------------

[#035835 106MiB/1.4GiB(7%) CN:8 DL:2.8MiB ETA:8m5s]
 *** Download Progress Summary as of Thu Jul 16 08:19:34 2026 *** 
===============================================================================
[#035835 109MiB/1.4GiB(7%) CN:8 DL:2.8MiB ETA:8m7s]
FILE: /home/ubuntu/.cache/h100-vllm/installers/cudnn-local-repo-ubuntu2204-9.17.1_1.0-1_amd64.deb
-------------------------------------------------------------------------------

[#035835 109MiB/1.4GiB(7%) CN:8 DL:2.8MiB ETA:8m7s]
 *** Download Progress Summary as of Thu Jul 16 08:19:35 2026 *** 
===============================================================================
[#035835 111MiB/1.4GiB(7%) CN:8 DL:2.6MiB ETA:8m36s]
FILE: /home/ubuntu/.cache/h100-vllm/installers/cudnn-local-repo-ubuntu2204-9.17.1_1.0-1_amd64.deb
-------------------------------------------------------------------------------

[#035835 111MiB/1.4GiB(7%) CN:8 DL:2.6MiB ETA:8m36s]
 *** Download Progress Summary as of Thu Jul 16 08:19:36 2026 *** 
===============================================================================
[#035835 114MiB/1.4GiB(7%) CN:8 DL:2.6MiB ETA:8m48s]
FILE: /home/ubuntu/.cache/h100-vllm/installers/cudnn-local-repo-ubuntu2204-9.17.1_1.0-1_amd64.deb
-------------------------------------------------------------------------------

[#035835 114MiB/1.4GiB(7%) CN:8 DL:2.6MiB ETA:8m48s]
 *** Download Progress Summary as of Thu Jul 16 08:19:37 2026 *** 
===============================================================================
[#035835 117MiB/1.4GiB(7%) CN:8 DL:2.5MiB ETA:8m58s]
FILE: /home/ubuntu/.cache/h100-vllm/installers/cudnn-local-repo-ubuntu2204-9.17.1_1.0-1_amd64.deb
-------------------------------------------------------------------------------

[#035835 117MiB/1.4GiB(7%) CN:8 DL:2.5MiB ETA:8m58s]
 *** Download Progress Summary as of Thu Jul 16 08:19:38 2026 *** 
===============================================================================
[#035835 119MiB/1.4GiB(7%) CN:8 DL:2.5MiB ETA:8m56s]
FILE: /home/ubuntu/.cache/h100-vllm/installers/cudnn-local-repo-ubuntu2204-9.17.1_1.0-1_amd64.deb
-------------------------------------------------------------------------------

[#035835 119MiB/1.4GiB(7%) CN:8 DL:2.5MiB ETA:8m56s]
 *** Download Progress Summary as of Thu Jul 16 08:19:39 2026 *** 
===============================================================================
[#035835 123MiB/1.4GiB(8%) CN:8 DL:2.6MiB ETA:8m36s]
FILE: /home/ubuntu/.cache/h100-vllm/installers/cudnn-local-repo-ubuntu2204-9.17.1_1.0-1_amd64.deb
-------------------------------------------------------------------------------

[#035835 123MiB/1.4GiB(8%) CN:8 DL:2.6MiB ETA:8m36s]
 *** Download Progress Summary as of Thu Jul 16 08:19:40 2026 *** 
===============================================================================
[#035835 126MiB/1.4GiB(8%) CN:8 DL:2.7MiB ETA:8m18s]
FILE: /home/ubuntu/.cache/h100-vllm/installers/cudnn-local-repo-ubuntu2204-9.17.1_1.0-1_amd64.deb
-------------------------------------------------------------------------------

[#035835 126MiB/1.4GiB(8%) CN:8 DL:2.7MiB ETA:8m18s]
 *** Download Progress Summary as of Thu Jul 16 08:19:41 2026 *** 
===============================================================================
[#035835 129MiB/1.4GiB(8%) CN:8 DL:2.7MiB ETA:8m22s]
FILE: /home/ubuntu/.cache/h100-vllm/installers/cudnn-local-repo-ubuntu2204-9.17.1_1.0-1_amd64.deb
-------------------------------------------------------------------------------

[#035835 129MiB/1.4GiB(8%) CN:8 DL:2.7MiB ETA:8m22s]
 *** Download Progress Summary as of Thu Jul 16 08:19:42 2026 *** 
===============================================================================
[#035835 132MiB/1.4GiB(8%) CN:8 DL:2.8MiB ETA:8m3s]
FILE: /home/ubuntu/.cache/h100-vllm/installers/cudnn-local-repo-ubuntu2204-9.17.1_1.0-1_amd64.deb
-------------------------------------------------------------------------------

[#035835 132MiB/1.4GiB(8%) CN:8 DL:2.8MiB ETA:8m3s]
 *** Download Progress Summary as of Thu Jul 16 08:19:43 2026 *** 
===============================================================================
[#035835 135MiB/1.4GiB(9%) CN:8 DL:2.9MiB ETA:7m47s]
FILE: /home/ubuntu/.cache/h100-vllm/installers/cudnn-local-repo-ubuntu2204-9.17.1_1.0-1_amd64.deb
-------------------------------------------------------------------------------

[#035835 135MiB/1.4GiB(9%) CN:8 DL:2.9MiB ETA:7m47s]
 *** Download Progress Summary as of Thu Jul 16 08:19:44 2026 *** 
===============================================================================
[#035835 138MiB/1.4GiB(9%) CN:8 DL:2.9MiB ETA:7m35s]
FILE: /home/ubuntu/.cache/h100-vllm/installers/cudnn-local-repo-ubuntu2204-9.17.1_1.0-1_amd64.deb
-------------------------------------------------------------------------------

[#035835 138MiB/1.4GiB(9%) CN:8 DL:2.9MiB ETA:7m35s]
 *** Download Progress Summary as of Thu Jul 16 08:19:45 2026 *** 
===============================================================================
[#035835 141MiB/1.4GiB(9%) CN:8 DL:3.0MiB ETA:7m20s]
FILE: /home/ubuntu/.cache/h100-vllm/installers/cudnn-local-repo-ubuntu2204-9.17.1_1.0-1_amd64.deb
-------------------------------------------------------------------------------

[#035835 141MiB/1.4GiB(9%) CN:8 DL:3.0MiB ETA:7m20s]
 *** Download Progress Summary as of Thu Jul 16 08:19:46 2026 *** 
===============================================================================
[#035835 145MiB/1.4GiB(9%) CN:8 DL:3.1MiB ETA:7m15s]
FILE: /home/ubuntu/.cache/h100-vllm/installers/cudnn-local-repo-ubuntu2204-9.17.1_1.0-1_amd64.deb
-------------------------------------------------------------------------------

[#035835 145MiB/1.4GiB(9%) CN:8 DL:3.1MiB ETA:7m15s]
 *** Download Progress Summary as of Thu Jul 16 08:19:47 2026 *** 
===============================================================================
[#035835 148MiB/1.4GiB(9%) CN:8 DL:3.1MiB ETA:7m8s]
FILE: /home/ubuntu/.cache/h100-vllm/installers/cudnn-local-repo-ubuntu2204-9.17.1_1.0-1_amd64.deb
-------------------------------------------------------------------------------

[#035835 148MiB/1.4GiB(9%) CN:8 DL:3.1MiB ETA:7m8s]
 *** Download Progress Summary as of Thu Jul 16 08:19:48 2026 *** 
===============================================================================
[#035835 150MiB/1.4GiB(10%) CN:8 DL:3.0MiB ETA:7m16s]
FILE: /home/ubuntu/.cache/h100-vllm/installers/cudnn-local-repo-ubuntu2204-9.17.1_1.0-1_amd64.deb
-------------------------------------------------------------------------------

[#035835 150MiB/1.4GiB(10%) CN:8 DL:3.0MiB ETA:7m16s]
 *** Download Progress Summary as of Thu Jul 16 08:19:49 2026 *** 
===============================================================================
[#035835 153MiB/1.4GiB(10%) CN:8 DL:2.9MiB ETA:7m33s]
FILE: /home/ubuntu/.cache/h100-vllm/installers/cudnn-local-repo-ubuntu2204-9.17.1_1.0-1_amd64.deb
-------------------------------------------------------------------------------

[#035835 153MiB/1.4GiB(10%) CN:8 DL:2.9MiB ETA:7m33s]
 *** Download Progress Summary as of Thu Jul 16 08:19:50 2026 *** 
===============================================================================
[#035835 155MiB/1.4GiB(10%) CN:8 DL:2.8MiB ETA:7m47s]
FILE: /home/ubuntu/.cache/h100-vllm/installers/cudnn-local-repo-ubuntu2204-9.17.1_1.0-1_amd64.deb
-------------------------------------------------------------------------------

[#035835 155MiB/1.4GiB(10%) CN:8 DL:2.8MiB ETA:7m47s]
 *** Download Progress Summary as of Thu Jul 16 08:19:51 2026 *** 
===============================================================================
[#035835 158MiB/1.4GiB(10%) CN:8 DL:2.8MiB ETA:7m45s]
FILE: /home/ubuntu/.cache/h100-vllm/installers/cudnn-local-repo-ubuntu2204-9.17.1_1.0-1_amd64.deb
-------------------------------------------------------------------------------

[#035835 158MiB/1.4GiB(10%) CN:8 DL:2.8MiB ETA:7m45s]
 *** Download Progress Summary as of Thu Jul 16 08:19:52 2026 *** 
===============================================================================
[#035835 160MiB/1.4GiB(10%) CN:8 DL:2.8MiB ETA:7m50s]
FILE: /home/ubuntu/.cache/h100-vllm/installers/cudnn-local-repo-ubuntu2204-9.17.1_1.0-1_amd64.deb
-------------------------------------------------------------------------------

[#035835 160MiB/1.4GiB(10%) CN:8 DL:2.8MiB ETA:7m50s]
 *** Download Progress Summary as of Thu Jul 16 08:19:53 2026 *** 
===============================================================================
[#035835 163MiB/1.4GiB(10%) CN:8 DL:2.8MiB ETA:7m53s]
FILE: /home/ubuntu/.cache/h100-vllm/installers/cudnn-local-repo-ubuntu2204-9.17.1_1.0-1_amd64.deb
-------------------------------------------------------------------------------

[#035835 163MiB/1.4GiB(10%) CN:8 DL:2.8MiB ETA:7m53s]
 *** Download Progress Summary as of Thu Jul 16 08:19:54 2026 *** 
===============================================================================
[#035835 166MiB/1.4GiB(11%) CN:8 DL:2.7MiB ETA:8m5s]
FILE: /home/ubuntu/.cache/h100-vllm/installers/cudnn-local-repo-ubuntu2204-9.17.1_1.0-1_amd64.deb
-------------------------------------------------------------------------------

[#035835 166MiB/1.4GiB(11%) CN:8 DL:2.7MiB ETA:8m5s]
 *** Download Progress Summary as of Thu Jul 16 08:19:55 2026 *** 
===============================================================================
[#035835 168MiB/1.4GiB(11%) CN:8 DL:2.6MiB ETA:8m16s]
FILE: /home/ubuntu/.cache/h100-vllm/installers/cudnn-local-repo-ubuntu2204-9.17.1_1.0-1_amd64.deb
-------------------------------------------------------------------------------

[#035835 168MiB/1.4GiB(11%) CN:8 DL:2.6MiB ETA:8m16s]
 *** Download Progress Summary as of Thu Jul 16 08:19:56 2026 *** 
===============================================================================
[#035835 171MiB/1.4GiB(11%) CN:8 DL:2.6MiB ETA:8m30s]
FILE: /home/ubuntu/.cache/h100-vllm/installers/cudnn-local-repo-ubuntu2204-9.17.1_1.0-1_amd64.deb
-------------------------------------------------------------------------------

[#035835 171MiB/1.4GiB(11%) CN:8 DL:2.6MiB ETA:8m30s]
 *** Download Progress Summary as of Thu Jul 16 08:19:57 2026 *** 
===============================================================================
[#035835 174MiB/1.4GiB(11%) CN:8 DL:2.6MiB ETA:8m28s]
FILE: /home/ubuntu/.cache/h100-vllm/installers/cudnn-local-repo-ubuntu2204-9.17.1_1.0-1_amd64.deb
-------------------------------------------------------------------------------

[#035835 174MiB/1.4GiB(11%) CN:8 DL:2.6MiB ETA:8m28s]
 *** Download Progress Summary as of Thu Jul 16 08:19:58 2026 *** 
===============================================================================
[#035835 177MiB/1.4GiB(11%) CN:8 DL:2.6MiB ETA:8m19s]
FILE: /home/ubuntu/.cache/h100-vllm/installers/cudnn-local-repo-ubuntu2204-9.17.1_1.0-1_amd64.deb
-------------------------------------------------------------------------------

[#035835 177MiB/1.4GiB(11%) CN:8 DL:2.6MiB ETA:8m19s]
 *** Download Progress Summary as of Thu Jul 16 08:19:59 2026 *** 
===============================================================================
[#035835 179MiB/1.4GiB(11%) CN:8 DL:2.6MiB ETA:8m17s]
FILE: /home/ubuntu/.cache/h100-vllm/installers/cudnn-local-repo-ubuntu2204-9.17.1_1.0-1_amd64.deb
-------------------------------------------------------------------------------

[#035835 179MiB/1.4GiB(11%) CN:8 DL:2.6MiB ETA:8m17s]
 *** Download Progress Summary as of Thu Jul 16 08:20:00 2026 *** 
===============================================================================
[#035835 181MiB/1.4GiB(12%) CN:8 DL:2.6MiB ETA:8m11s]
FILE: /home/ubuntu/.cache/h100-vllm/installers/cudnn-local-repo-ubuntu2204-9.17.1_1.0-1_amd64.deb
-------------------------------------------------------------------------------

[#035835 181MiB/1.4GiB(12%) CN:8 DL:2.6MiB ETA:8m11s]
 *** Download Progress Summary as of Thu Jul 16 08:20:01 2026 *** 
===============================================================================
[#035835 184MiB/1.4GiB(12%) CN:8 DL:2.6MiB ETA:8m18s]
FILE: /home/ubuntu/.cache/h100-vllm/installers/cudnn-local-repo-ubuntu2204-9.17.1_1.0-1_amd64.deb
-------------------------------------------------------------------------------

[#035835 184MiB/1.4GiB(12%) CN:8 DL:2.6MiB ETA:8m18s]
 *** Download Progress Summary as of Thu Jul 16 08:20:02 2026 *** 
===============================================================================
[#035835 186MiB/1.4GiB(12%) CN:8 DL:2.5MiB ETA:8m26s]
FILE: /home/ubuntu/.cache/h100-vllm/installers/cudnn-local-repo-ubuntu2204-9.17.1_1.0-1_amd64.deb
-------------------------------------------------------------------------------

[#035835 186MiB/1.4GiB(12%) CN:8 DL:2.5MiB ETA:8m26s]
 *** Download Progress Summary as of Thu Jul 16 08:20:03 2026 *** 
===============================================================================
[#035835 188MiB/1.4GiB(12%) CN:8 DL:2.5MiB ETA:8m35s]
FILE: /home/ubuntu/.cache/h100-vllm/installers/cudnn-local-repo-ubuntu2204-9.17.1_1.0-1_amd64.deb
-------------------------------------------------------------------------------

[#035835 188MiB/1.4GiB(12%) CN:8 DL:2.5MiB ETA:8m35s]
 *** Download Progress Summary as of Thu Jul 16 08:20:04 2026 *** 
===============================================================================
[#035835 190MiB/1.4GiB(12%) CN:8 DL:2.5MiB ETA:8m41s]
FILE: /home/ubuntu/.cache/h100-vllm/installers/cudnn-local-repo-ubuntu2204-9.17.1_1.0-1_amd64.deb
-------------------------------------------------------------------------------

[#035835 190MiB/1.4GiB(12%) CN:8 DL:2.5MiB ETA:8m41s]
 *** Download Progress Summary as of Thu Jul 16 08:20:05 2026 *** 
===============================================================================
[#035835 192MiB/1.4GiB(12%) CN:8 DL:2.4MiB ETA:8m59s]
FILE: /home/ubuntu/.cache/h100-vllm/installers/cudnn-local-repo-ubuntu2204-9.17.1_1.0-1_amd64.deb
-------------------------------------------------------------------------------

[#035835 192MiB/1.4GiB(12%) CN:8 DL:2.4MiB ETA:8m59s]
 *** Download Progress Summary as of Thu Jul 16 08:20:06 2026 *** 
===============================================================================
[#035835 194MiB/1.4GiB(12%) CN:8 DL:2.3MiB ETA:9m24s]
FILE: /home/ubuntu/.cache/h100-vllm/installers/cudnn-local-repo-ubuntu2204-9.17.1_1.0-1_amd64.deb
-------------------------------------------------------------------------------

[#035835 194MiB/1.4GiB(12%) CN:8 DL:2.3MiB ETA:9m24s]
 *** Download Progress Summary as of Thu Jul 16 08:20:07 2026 *** 
===============================================================================
[#035835 196MiB/1.4GiB(13%) CN:8 DL:2.2MiB ETA:9m43s]
FILE: /home/ubuntu/.cache/h100-vllm/installers/cudnn-local-repo-ubuntu2204-9.17.1_1.0-1_amd64.deb
-------------------------------------------------------------------------------

[#035835 196MiB/1.4GiB(13%) CN:8 DL:2.2MiB ETA:9m43s]
 *** Download Progress Summary as of Thu Jul 16 08:20:08 2026 *** 
===============================================================================
[#035835 197MiB/1.4GiB(13%) CN:8 DL:2.0MiB ETA:10m33s]
FILE: /home/ubuntu/.cache/h100-vllm/installers/cudnn-local-repo-ubuntu2204-9.17.1_1.0-1_amd64.deb
-------------------------------------------------------------------------------

[#035835 197MiB/1.4GiB(13%) CN:8 DL:2.0MiB ETA:10m33s]
 *** Download Progress Summary as of Thu Jul 16 08:20:09 2026 *** 
===============================================================================
[#035835 199MiB/1.4GiB(13%) CN:8 DL:2.0MiB ETA:10m45s]
FILE: /home/ubuntu/.cache/h100-vllm/installers/cudnn-local-repo-ubuntu2204-9.17.1_1.0-1_amd64.deb
-------------------------------------------------------------------------------

[#035835 199MiB/1.4GiB(13%) CN:8 DL:2.0MiB ETA:10m45s]
 *** Download Progress Summary as of Thu Jul 16 08:20:10 2026 *** 
===============================================================================
[#035835 201MiB/1.4GiB(13%) CN:8 DL:1.9MiB ETA:10m51s]
FILE: /home/ubuntu/.cache/h100-vllm/installers/cudnn-local-repo-ubuntu2204-9.17.1_1.0-1_amd64.deb
-------------------------------------------------------------------------------

[#035835 201MiB/1.4GiB(13%) CN:8 DL:1.9MiB ETA:10m51s]
 *** Download Progress Summary as of Thu Jul 16 08:20:11 2026 *** 
===============================================================================
[#035835 204MiB/1.4GiB(13%) CN:8 DL:1.9MiB ETA:10m56s]
FILE: /home/ubuntu/.cache/h100-vllm/installers/cudnn-local-repo-ubuntu2204-9.17.1_1.0-1_amd64.deb
-------------------------------------------------------------------------------

[#035835 204MiB/1.4GiB(13%) CN:8 DL:1.9MiB ETA:10m56s]
 *** Download Progress Summary as of Thu Jul 16 08:20:12 2026 *** 
===============================================================================
[#035835 207MiB/1.4GiB(13%) CN:8 DL:2.0MiB ETA:10m18s]
FILE: /home/ubuntu/.cache/h100-vllm/installers/cudnn-local-repo-ubuntu2204-9.17.1_1.0-1_amd64.deb
-------------------------------------------------------------------------------

[#035835 207MiB/1.4GiB(13%) CN:8 DL:2.0MiB ETA:10m18s]
 *** Download Progress Summary as of Thu Jul 16 08:20:13 2026 *** 
===============================================================================
[#035835 211MiB/1.4GiB(14%) CN:8 DL:2.2MiB ETA:9m32s]
FILE: /home/ubuntu/.cache/h100-vllm/installers/cudnn-local-repo-ubuntu2204-9.17.1_1.0-1_amd64.deb
-------------------------------------------------------------------------------

[#035835 211MiB/1.4GiB(14%) CN:8 DL:2.2MiB ETA:9m32s]
 *** Download Progress Summary as of Thu Jul 16 08:20:14 2026 *** 
===============================================================================
[#035835 214MiB/1.4GiB(14%) CN:8 DL:2.4MiB ETA:8m50s]
FILE: /home/ubuntu/.cache/h100-vllm/installers/cudnn-local-repo-ubuntu2204-9.17.1_1.0-1_amd64.deb
-------------------------------------------------------------------------------

[#035835 214MiB/1.4GiB(14%) CN:8 DL:2.4MiB ETA:8m50s]
 *** Download Progress Summary as of Thu Jul 16 08:20:15 2026 *** 
===============================================================================
[#035835 217MiB/1.4GiB(14%) CN:8 DL:2.5MiB ETA:8m26s]
FILE: /home/ubuntu/.cache/h100-vllm/installers/cudnn-local-repo-ubuntu2204-9.17.1_1.0-1_amd64.deb
-------------------------------------------------------------------------------

[#035835 217MiB/1.4GiB(14%) CN:8 DL:2.5MiB ETA:8m26s]
 *** Download Progress Summary as of Thu Jul 16 08:20:16 2026 *** 
===============================================================================
[#035835 220MiB/1.4GiB(14%) CN:8 DL:2.6MiB ETA:8m1s]
FILE: /home/ubuntu/.cache/h100-vllm/installers/cudnn-local-repo-ubuntu2204-9.17.1_1.0-1_amd64.deb
-------------------------------------------------------------------------------

[#035835 220MiB/1.4GiB(14%) CN:8 DL:2.6MiB ETA:8m1s]
 *** Download Progress Summary as of Thu Jul 16 08:20:17 2026 *** 
===============================================================================
[#035835 223MiB/1.4GiB(14%) CN:8 DL:2.8MiB ETA:7m31s]
FILE: /home/ubuntu/.cache/h100-vllm/installers/cudnn-local-repo-ubuntu2204-9.17.1_1.0-1_amd64.deb
-------------------------------------------------------------------------------

[#035835 223MiB/1.4GiB(14%) CN:8 DL:2.8MiB ETA:7m31s]
 *** Download Progress Summary as of Thu Jul 16 08:20:18 2026 *** 
===============================================================================
[#035835 227MiB/1.4GiB(15%) CN:8 DL:3.0MiB ETA:6m58s]
FILE: /home/ubuntu/.cache/h100-vllm/installers/cudnn-local-repo-ubuntu2204-9.17.1_1.0-1_amd64.deb
-------------------------------------------------------------------------------

[#035835 227MiB/1.4GiB(15%) CN:8 DL:3.0MiB ETA:6m58s]
 *** Download Progress Summary as of Thu Jul 16 08:20:19 2026 *** 
===============================================================================
[#035835 231MiB/1.4GiB(15%) CN:8 DL:3.3MiB ETA:6m19s]
FILE: /home/ubuntu/.cache/h100-vllm/installers/cudnn-local-repo-ubuntu2204-9.17.1_1.0-1_amd64.deb
-------------------------------------------------------------------------------

[#035835 231MiB/1.4GiB(15%) CN:8 DL:3.3MiB ETA:6m19s]
 *** Download Progress Summary as of Thu Jul 16 08:20:20 2026 *** 
===============================================================================
[#035835 235MiB/1.4GiB(15%) CN:8 DL:3.4MiB ETA:6m1s]
FILE: /home/ubuntu/.cache/h100-vllm/installers/cudnn-local-repo-ubuntu2204-9.17.1_1.0-1_amd64.deb
-------------------------------------------------------------------------------

[#035835 235MiB/1.4GiB(15%) CN:8 DL:3.4MiB ETA:6m1s]
 *** Download Progress Summary as of Thu Jul 16 08:20:21 2026 *** 
===============================================================================
[#035835 238MiB/1.4GiB(15%) CN:8 DL:3.4MiB ETA:6m1s]
FILE: /home/ubuntu/.cache/h100-vllm/installers/cudnn-local-repo-ubuntu2204-9.17.1_1.0-1_amd64.deb
-------------------------------------------------------------------------------

[#035835 238MiB/1.4GiB(15%) CN:8 DL:3.4MiB ETA:6m1s]
 *** Download Progress Summary as of Thu Jul 16 08:20:22 2026 *** 
===============================================================================
[#035835 241MiB/1.4GiB(16%) CN:8 DL:3.3MiB ETA:6m17s]
FILE: /home/ubuntu/.cache/h100-vllm/installers/cudnn-local-repo-ubuntu2204-9.17.1_1.0-1_amd64.deb
-------------------------------------------------------------------------------

[#035835 241MiB/1.4GiB(16%) CN:8 DL:3.3MiB ETA:6m17s]
 *** Download Progress Summary as of Thu Jul 16 08:20:22 2026 *** 
===============================================================================
[#035835 244MiB/1.4GiB(16%) CN:8 DL:3.3MiB ETA:6m15s]
FILE: /home/ubuntu/.cache/h100-vllm/installers/cudnn-local-repo-ubuntu2204-9.17.1_1.0-1_amd64.deb
-------------------------------------------------------------------------------

[#035835 244MiB/1.4GiB(16%) CN:8 DL:3.3MiB ETA:6m15s]
 *** Download Progress Summary as of Thu Jul 16 08:20:23 2026 *** 
===============================================================================
[#035835 247MiB/1.4GiB(16%) CN:8 DL:3.2MiB ETA:6m21s]
FILE: /home/ubuntu/.cache/h100-vllm/installers/cudnn-local-repo-ubuntu2204-9.17.1_1.0-1_amd64.deb
-------------------------------------------------------------------------------

[#035835 247MiB/1.4GiB(16%) CN:8 DL:3.2MiB ETA:6m21s]
 *** Download Progress Summary as of Thu Jul 16 08:20:24 2026 *** 
===============================================================================
[#035835 250MiB/1.4GiB(16%) CN:8 DL:3.3MiB ETA:6m15s]
FILE: /home/ubuntu/.cache/h100-vllm/installers/cudnn-local-repo-ubuntu2204-9.17.1_1.0-1_amd64.deb
-------------------------------------------------------------------------------

[#035835 250MiB/1.4GiB(16%) CN:8 DL:3.3MiB ETA:6m15s]
 *** Download Progress Summary as of Thu Jul 16 08:20:25 2026 *** 
===============================================================================
[#035835 254MiB/1.4GiB(16%) CN:8 DL:3.4MiB ETA:6m2s]
FILE: /home/ubuntu/.cache/h100-vllm/installers/cudnn-local-repo-ubuntu2204-9.17.1_1.0-1_amd64.deb
-------------------------------------------------------------------------------

[#035835 254MiB/1.4GiB(16%) CN:8 DL:3.4MiB ETA:6m2s]
 *** Download Progress Summary as of Thu Jul 16 08:20:26 2026 *** 
===============================================================================
[#035835 258MiB/1.4GiB(17%) CN:8 DL:3.4MiB ETA:6m2s]
FILE: /home/ubuntu/.cache/h100-vllm/installers/cudnn-local-repo-ubuntu2204-9.17.1_1.0-1_amd64.deb
-------------------------------------------------------------------------------

[#035835 258MiB/1.4GiB(17%) CN:8 DL:3.4MiB ETA:6m2s]
 *** Download Progress Summary as of Thu Jul 16 08:20:27 2026 *** 
===============================================================================
[#035835 262MiB/1.4GiB(17%) CN:8 DL:3.4MiB ETA:5m57s]
FILE: /home/ubuntu/.cache/h100-vllm/installers/cudnn-local-repo-ubuntu2204-9.17.1_1.0-1_amd64.deb
-------------------------------------------------------------------------------

[#035835 262MiB/1.4GiB(17%) CN:8 DL:3.4MiB ETA:5m57s]
 *** Download Progress Summary as of Thu Jul 16 08:20:28 2026 *** 
===============================================================================
[#035835 266MiB/1.4GiB(17%) CN:8 DL:3.4MiB ETA:5m56s]
FILE: /home/ubuntu/.cache/h100-vllm/installers/cudnn-local-repo-ubuntu2204-9.17.1_1.0-1_amd64.deb
-------------------------------------------------------------------------------

[#035835 266MiB/1.4GiB(17%) CN:8 DL:3.4MiB ETA:5m56s]
 *** Download Progress Summary as of Thu Jul 16 08:20:29 2026 *** 
===============================================================================
[#035835 271MiB/1.4GiB(18%) CN:8 DL:3.6MiB ETA:5m39s]
FILE: /home/ubuntu/.cache/h100-vllm/installers/cudnn-local-repo-ubuntu2204-9.17.1_1.0-1_amd64.deb
-------------------------------------------------------------------------------

[#035835 271MiB/1.4GiB(18%) CN:8 DL:3.6MiB ETA:5m39s]
 *** Download Progress Summary as of Thu Jul 16 08:20:30 2026 *** 
===============================================================================
[#035835 275MiB/1.4GiB(18%) CN:8 DL:3.7MiB ETA:5m25s]
FILE: /home/ubuntu/.cache/h100-vllm/installers/cudnn-local-repo-ubuntu2204-9.17.1_1.0-1_amd64.deb
-------------------------------------------------------------------------------

[#035835 275MiB/1.4GiB(18%) CN:8 DL:3.7MiB ETA:5m25s]
 *** Download Progress Summary as of Thu Jul 16 08:20:31 2026 *** 
===============================================================================
[#035835 278MiB/1.4GiB(18%) CN:8 DL:3.8MiB ETA:5m15s]
FILE: /home/ubuntu/.cache/h100-vllm/installers/cudnn-local-repo-ubuntu2204-9.17.1_1.0-1_amd64.deb
-------------------------------------------------------------------------------

[#035835 278MiB/1.4GiB(18%) CN:8 DL:3.8MiB ETA:5m15s]
 *** Download Progress Summary as of Thu Jul 16 08:20:32 2026 *** 
===============================================================================
[#035835 280MiB/1.4GiB(18%) CN:8 DL:3.7MiB ETA:5m24s]
FILE: /home/ubuntu/.cache/h100-vllm/installers/cudnn-local-repo-ubuntu2204-9.17.1_1.0-1_amd64.deb
-------------------------------------------------------------------------------

[#035835 280MiB/1.4GiB(18%) CN:8 DL:3.7MiB ETA:5m24s]
 *** Download Progress Summary as of Thu Jul 16 08:20:33 2026 *** 
===============================================================================
[#035835 283MiB/1.4GiB(18%) CN:8 DL:3.6MiB ETA:5m29s]
FILE: /home/ubuntu/.cache/h100-vllm/installers/cudnn-local-repo-ubuntu2204-9.17.1_1.0-1_amd64.deb
-------------------------------------------------------------------------------

[#035835 283MiB/1.4GiB(18%) CN:8 DL:3.6MiB ETA:5m29s]
 *** Download Progress Summary as of Thu Jul 16 08:20:34 2026 *** 
===============================================================================
[#035835 286MiB/1.4GiB(19%) CN:8 DL:3.5MiB ETA:5m39s]
FILE: /home/ubuntu/.cache/h100-vllm/installers/cudnn-local-repo-ubuntu2204-9.17.1_1.0-1_amd64.deb
-------------------------------------------------------------------------------

[#035835 286MiB/1.4GiB(19%) CN:8 DL:3.5MiB ETA:5m39s]
 *** Download Progress Summary as of Thu Jul 16 08:20:35 2026 *** 
===============================================================================
[#035835 289MiB/1.4GiB(19%) CN:8 DL:3.4MiB ETA:5m46s]
FILE: /home/ubuntu/.cache/h100-vllm/installers/cudnn-local-repo-ubuntu2204-9.17.1_1.0-1_amd64.deb
-------------------------------------------------------------------------------

[#035835 289MiB/1.4GiB(19%) CN:8 DL:3.4MiB ETA:5m46s]
 *** Download Progress Summary as of Thu Jul 16 08:20:36 2026 *** 
===============================================================================
[#035835 292MiB/1.4GiB(19%) CN:8 DL:3.3MiB ETA:5m57s]
FILE: /home/ubuntu/.cache/h100-vllm/installers/cudnn-local-repo-ubuntu2204-9.17.1_1.0-1_amd64.deb
-------------------------------------------------------------------------------

[#035835 292MiB/1.4GiB(19%) CN:8 DL:3.3MiB ETA:5m57s]
 *** Download Progress Summary as of Thu Jul 16 08:20:37 2026 *** 
===============================================================================
[#035835 295MiB/1.4GiB(19%) CN:8 DL:3.2MiB ETA:6m8s]
FILE: /home/ubuntu/.cache/h100-vllm/installers/cudnn-local-repo-ubuntu2204-9.17.1_1.0-1_amd64.deb
-------------------------------------------------------------------------------

[#035835 295MiB/1.4GiB(19%) CN:8 DL:3.2MiB ETA:6m8s]
 *** Download Progress Summary as of Thu Jul 16 08:20:38 2026 *** 
===============================================================================
[#035835 298MiB/1.4GiB(19%) CN:8 DL:3.0MiB ETA:6m27s]
FILE: /home/ubuntu/.cache/h100-vllm/installers/cudnn-local-repo-ubuntu2204-9.17.1_1.0-1_amd64.deb
-------------------------------------------------------------------------------

[#035835 298MiB/1.4GiB(19%) CN:8 DL:3.0MiB ETA:6m27s]
 *** Download Progress Summary as of Thu Jul 16 08:20:39 2026 *** 
===============================================================================
[#035835 301MiB/1.4GiB(20%) CN:8 DL:2.9MiB ETA:6m48s]
FILE: /home/ubuntu/.cache/h100-vllm/installers/cudnn-local-repo-ubuntu2204-9.17.1_1.0-1_amd64.deb
-------------------------------------------------------------------------------

[#035835 301MiB/1.4GiB(20%) CN:8 DL:2.9MiB ETA:6m48s]
 *** Download Progress Summary as of Thu Jul 16 08:20:40 2026 *** 
===============================================================================
[#035835 304MiB/1.4GiB(20%) CN:8 DL:2.8MiB ETA:7m2s]
FILE: /home/ubuntu/.cache/h100-vllm/installers/cudnn-local-repo-ubuntu2204-9.17.1_1.0-1_amd64.deb
-------------------------------------------------------------------------------

[#035835 304MiB/1.4GiB(20%) CN:8 DL:2.8MiB ETA:7m2s]
 *** Download Progress Summary as of Thu Jul 16 08:20:41 2026 *** 
===============================================================================
[#035835 307MiB/1.4GiB(20%) CN:8 DL:2.9MiB ETA:6m43s]
FILE: /home/ubuntu/.cache/h100-vllm/installers/cudnn-local-repo-ubuntu2204-9.17.1_1.0-1_amd64.deb
-------------------------------------------------------------------------------

[#035835 307MiB/1.4GiB(20%) CN:8 DL:2.9MiB ETA:6m43s]
 *** Download Progress Summary as of Thu Jul 16 08:20:42 2026 *** 
===============================================================================
[#035835 310MiB/1.4GiB(20%) CN:8 DL:2.9MiB ETA:6m39s]
FILE: /home/ubuntu/.cache/h100-vllm/installers/cudnn-local-repo-ubuntu2204-9.17.1_1.0-1_amd64.deb
-------------------------------------------------------------------------------

[#035835 310MiB/1.4GiB(20%) CN:8 DL:2.9MiB ETA:6m39s]
 *** Download Progress Summary as of Thu Jul 16 08:20:43 2026 *** 
===============================================================================
[#035835 312MiB/1.4GiB(20%) CN:8 DL:2.9MiB ETA:6m41s]
FILE: /home/ubuntu/.cache/h100-vllm/installers/cudnn-local-repo-ubuntu2204-9.17.1_1.0-1_amd64.deb
-------------------------------------------------------------------------------

[#035835 312MiB/1.4GiB(20%) CN:8 DL:2.9MiB ETA:6m41s]
 *** Download Progress Summary as of Thu Jul 16 08:20:44 2026 *** 
===============================================================================
[#035835 314MiB/1.4GiB(20%) CN:8 DL:2.8MiB ETA:6m51s]
FILE: /home/ubuntu/.cache/h100-vllm/installers/cudnn-local-repo-ubuntu2204-9.17.1_1.0-1_amd64.deb
-------------------------------------------------------------------------------

[#035835 314MiB/1.4GiB(20%) CN:8 DL:2.8MiB ETA:6m51s]
 *** Download Progress Summary as of Thu Jul 16 08:20:45 2026 *** 
===============================================================================
[#035835 316MiB/1.4GiB(21%) CN:8 DL:2.7MiB ETA:7m7s]
FILE: /home/ubuntu/.cache/h100-vllm/installers/cudnn-local-repo-ubuntu2204-9.17.1_1.0-1_amd64.deb
-------------------------------------------------------------------------------

[#035835 316MiB/1.4GiB(21%) CN:8 DL:2.7MiB ETA:7m7s]
 *** Download Progress Summary as of Thu Jul 16 08:20:46 2026 *** 
===============================================================================
[#035835 318MiB/1.4GiB(21%) CN:8 DL:2.5MiB ETA:7m39s]
FILE: /home/ubuntu/.cache/h100-vllm/installers/cudnn-local-repo-ubuntu2204-9.17.1_1.0-1_amd64.deb
-------------------------------------------------------------------------------

[#035835 318MiB/1.4GiB(21%) CN:8 DL:2.5MiB ETA:7m39s]
 *** Download Progress Summary as of Thu Jul 16 08:20:47 2026 *** 
===============================================================================
[#035835 320MiB/1.4GiB(21%) CN:8 DL:2.4MiB ETA:8m2s]
FILE: /home/ubuntu/.cache/h100-vllm/installers/cudnn-local-repo-ubuntu2204-9.17.1_1.0-1_amd64.deb
-------------------------------------------------------------------------------

[#035835 320MiB/1.4GiB(21%) CN:8 DL:2.4MiB ETA:8m2s]
 *** Download Progress Summary as of Thu Jul 16 08:20:48 2026 *** 
===============================================================================
[#035835 322MiB/1.4GiB(21%) CN:8 DL:2.3MiB ETA:8m13s]
FILE: /home/ubuntu/.cache/h100-vllm/installers/cudnn-local-repo-ubuntu2204-9.17.1_1.0-1_amd64.deb
-------------------------------------------------------------------------------

[#035835 322MiB/1.4GiB(21%) CN:8 DL:2.3MiB ETA:8m13s]
 *** Download Progress Summary as of Thu Jul 16 08:20:49 2026 *** 
===============================================================================
[#035835 325MiB/1.4GiB(21%) CN:8 DL:2.3MiB ETA:8m18s]
FILE: /home/ubuntu/.cache/h100-vllm/installers/cudnn-local-repo-ubuntu2204-9.17.1_1.0-1_amd64.deb
-------------------------------------------------------------------------------

[#035835 325MiB/1.4GiB(21%) CN:8 DL:2.3MiB ETA:8m18s]
 *** Download Progress Summary as of Thu Jul 16 08:20:50 2026 *** 
===============================================================================
[#035835 328MiB/1.4GiB(21%) CN:8 DL:2.3MiB ETA:8m14s]
FILE: /home/ubuntu/.cache/h100-vllm/installers/cudnn-local-repo-ubuntu2204-9.17.1_1.0-1_amd64.deb
-------------------------------------------------------------------------------

[#035835 328MiB/1.4GiB(21%) CN:8 DL:2.3MiB ETA:8m14s]
 *** Download Progress Summary as of Thu Jul 16 08:20:51 2026 *** 
===============================================================================
[#035835 331MiB/1.4GiB(22%) CN:8 DL:2.4MiB ETA:8m3s]
FILE: /home/ubuntu/.cache/h100-vllm/installers/cudnn-local-repo-ubuntu2204-9.17.1_1.0-1_amd64.deb
-------------------------------------------------------------------------------

[#035835 331MiB/1.4GiB(22%) CN:8 DL:2.4MiB ETA:8m3s]
 *** Download Progress Summary as of Thu Jul 16 08:20:52 2026 *** 
===============================================================================
[#035835 334MiB/1.4GiB(22%) CN:8 DL:2.4MiB ETA:7m46s]
FILE: /home/ubuntu/.cache/h100-vllm/installers/cudnn-local-repo-ubuntu2204-9.17.1_1.0-1_amd64.deb
-------------------------------------------------------------------------------

[#035835 334MiB/1.4GiB(22%) CN:8 DL:2.4MiB ETA:7m46s]
 *** Download Progress Summary as of Thu Jul 16 08:20:53 2026 *** 
===============================================================================
[#035835 338MiB/1.4GiB(22%) CN:8 DL:2.6MiB ETA:7m24s]
FILE: /home/ubuntu/.cache/h100-vllm/installers/cudnn-local-repo-ubuntu2204-9.17.1_1.0-1_amd64.deb
-------------------------------------------------------------------------------

[#035835 338MiB/1.4GiB(22%) CN:8 DL:2.6MiB ETA:7m24s]
 *** Download Progress Summary as of Thu Jul 16 08:20:54 2026 *** 
===============================================================================
[#035835 341MiB/1.4GiB(22%) CN:8 DL:2.7MiB ETA:7m8s]
FILE: /home/ubuntu/.cache/h100-vllm/installers/cudnn-local-repo-ubuntu2204-9.17.1_1.0-1_amd64.deb
-------------------------------------------------------------------------------

[#035835 341MiB/1.4GiB(22%) CN:8 DL:2.7MiB ETA:7m8s]
 *** Download Progress Summary as of Thu Jul 16 08:20:55 2026 *** 
===============================================================================
[#035835 344MiB/1.4GiB(22%) CN:8 DL:2.8MiB ETA:6m50s]
FILE: /home/ubuntu/.cache/h100-vllm/installers/cudnn-local-repo-ubuntu2204-9.17.1_1.0-1_amd64.deb
-------------------------------------------------------------------------------

[#035835 344MiB/1.4GiB(22%) CN:8 DL:2.8MiB ETA:6m50s]
 *** Download Progress Summary as of Thu Jul 16 08:20:56 2026 *** 
===============================================================================
[#035835 348MiB/1.4GiB(23%) CN:8 DL:2.9MiB ETA:6m25s]
FILE: /home/ubuntu/.cache/h100-vllm/installers/cudnn-local-repo-ubuntu2204-9.17.1_1.0-1_amd64.deb
-------------------------------------------------------------------------------

[#035835 348MiB/1.4GiB(23%) CN:8 DL:2.9MiB ETA:6m25s]
 *** Download Progress Summary as of Thu Jul 16 08:20:57 2026 *** 
===============================================================================
[#035835 351MiB/1.4GiB(23%) CN:8 DL:3.0MiB ETA:6m12s]
FILE: /home/ubuntu/.cache/h100-vllm/installers/cudnn-local-repo-ubuntu2204-9.17.1_1.0-1_amd64.deb
-------------------------------------------------------------------------------

[#035835 351MiB/1.4GiB(23%) CN:8 DL:3.0MiB ETA:6m12s]
 *** Download Progress Summary as of Thu Jul 16 08:20:58 2026 *** 
===============================================================================
[#035835 354MiB/1.4GiB(23%) CN:8 DL:3.1MiB ETA:6m2s]
FILE: /home/ubuntu/.cache/h100-vllm/installers/cudnn-local-repo-ubuntu2204-9.17.1_1.0-1_amd64.deb
-------------------------------------------------------------------------------

[#035835 354MiB/1.4GiB(23%) CN:8 DL:3.1MiB ETA:6m2s]
 *** Download Progress Summary as of Thu Jul 16 08:20:59 2026 *** 
===============================================================================
[#035835 357MiB/1.4GiB(23%) CN:8 DL:3.2MiB ETA:5m51s]
FILE: /home/ubuntu/.cache/h100-vllm/installers/cudnn-local-repo-ubuntu2204-9.17.1_1.0-1_amd64.deb
-------------------------------------------------------------------------------

[#035835 357MiB/1.4GiB(23%) CN:8 DL:3.2MiB ETA:5m51s]
 *** Download Progress Summary as of Thu Jul 16 08:21:00 2026 *** 
===============================================================================
[#035835 361MiB/1.4GiB(24%) CN:8 DL:3.3MiB ETA:5m37s]
FILE: /home/ubuntu/.cache/h100-vllm/installers/cudnn-local-repo-ubuntu2204-9.17.1_1.0-1_amd64.deb
-------------------------------------------------------------------------------

[#035835 361MiB/1.4GiB(24%) CN:8 DL:3.3MiB ETA:5m37s]
 *** Download Progress Summary as of Thu Jul 16 08:21:01 2026 *** 
===============================================================================
[#035835 365MiB/1.4GiB(24%) CN:8 DL:3.4MiB ETA:5m29s]
FILE: /home/ubuntu/.cache/h100-vllm/installers/cudnn-local-repo-ubuntu2204-9.17.1_1.0-1_amd64.deb
-------------------------------------------------------------------------------

[#035835 365MiB/1.4GiB(24%) CN:8 DL:3.4MiB ETA:5m29s]
 *** Download Progress Summary as of Thu Jul 16 08:21:02 2026 *** 
===============================================================================
[#035835 369MiB/1.4GiB(24%) CN:8 DL:3.5MiB ETA:5m22s]
FILE: /home/ubuntu/.cache/h100-vllm/installers/cudnn-local-repo-ubuntu2204-9.17.1_1.0-1_amd64.deb
-------------------------------------------------------------------------------

[#035835 369MiB/1.4GiB(24%) CN:8 DL:3.5MiB ETA:5m22s]
 *** Download Progress Summary as of Thu Jul 16 08:21:03 2026 *** 
===============================================================================
[#035835 373MiB/1.4GiB(24%) CN:8 DL:3.5MiB ETA:5m14s]
FILE: /home/ubuntu/.cache/h100-vllm/installers/cudnn-local-repo-ubuntu2204-9.17.1_1.0-1_amd64.deb
-------------------------------------------------------------------------------

[#035835 373MiB/1.4GiB(24%) CN:8 DL:3.5MiB ETA:5m14s]
 *** Download Progress Summary as of Thu Jul 16 08:21:04 2026 *** 
===============================================================================
[#035835 377MiB/1.4GiB(25%) CN:8 DL:3.6MiB ETA:5m6s]
FILE: /home/ubuntu/.cache/h100-vllm/installers/cudnn-local-repo-ubuntu2204-9.17.1_1.0-1_amd64.deb
-------------------------------------------------------------------------------

[#035835 377MiB/1.4GiB(25%) CN:8 DL:3.6MiB ETA:5m6s]
 *** Download Progress Summary as of Thu Jul 16 08:21:05 2026 *** 
===============================================================================
[#035835 381MiB/1.4GiB(25%) CN:8 DL:3.7MiB ETA:4m58s]
FILE: /home/ubuntu/.cache/h100-vllm/installers/cudnn-local-repo-ubuntu2204-9.17.1_1.0-1_amd64.deb
-------------------------------------------------------------------------------

[#035835 381MiB/1.4GiB(25%) CN:8 DL:3.7MiB ETA:4m58s]
 *** Download Progress Summary as of Thu Jul 16 08:21:06 2026 *** 
===============================================================================
[#035835 385MiB/1.4GiB(25%) CN:8 DL:3.7MiB ETA:4m56s]
FILE: /home/ubuntu/.cache/h100-vllm/installers/cudnn-local-repo-ubuntu2204-9.17.1_1.0-1_amd64.deb
-------------------------------------------------------------------------------

[#035835 385MiB/1.4GiB(25%) CN:8 DL:3.7MiB ETA:4m56s]
 *** Download Progress Summary as of Thu Jul 16 08:21:07 2026 *** 
===============================================================================
[#035835 388MiB/1.4GiB(25%) CN:8 DL:3.7MiB ETA:4m54s]
FILE: /home/ubuntu/.cache/h100-vllm/installers/cudnn-local-repo-ubuntu2204-9.17.1_1.0-1_amd64.deb
-------------------------------------------------------------------------------

[#035835 388MiB/1.4GiB(25%) CN:8 DL:3.7MiB ETA:4m54s]
 *** Download Progress Summary as of Thu Jul 16 08:21:08 2026 *** 
===============================================================================
[#035835 392MiB/1.4GiB(26%) CN:8 DL:3.8MiB ETA:4m48s]
FILE: /home/ubuntu/.cache/h100-vllm/installers/cudnn-local-repo-ubuntu2204-9.17.1_1.0-1_amd64.deb
-------------------------------------------------------------------------------

[#035835 392MiB/1.4GiB(26%) CN:8 DL:3.8MiB ETA:4m48s]
 *** Download Progress Summary as of Thu Jul 16 08:21:09 2026 *** 
===============================================================================
[#035835 396MiB/1.4GiB(26%) CN:8 DL:3.8MiB ETA:4m44s]
FILE: /home/ubuntu/.cache/h100-vllm/installers/cudnn-local-repo-ubuntu2204-9.17.1_1.0-1_amd64.deb
-------------------------------------------------------------------------------

[#035835 396MiB/1.4GiB(26%) CN:8 DL:3.8MiB ETA:4m44s]
 *** Download Progress Summary as of Thu Jul 16 08:21:10 2026 *** 
===============================================================================
[#035835 400MiB/1.4GiB(26%) CN:8 DL:3.8MiB ETA:4m44s]
FILE: /home/ubuntu/.cache/h100-vllm/installers/cudnn-local-repo-ubuntu2204-9.17.1_1.0-1_amd64.deb
-------------------------------------------------------------------------------

[#035835 400MiB/1.4GiB(26%) CN:8 DL:3.8MiB ETA:4m44s]
 *** Download Progress Summary as of Thu Jul 16 08:21:11 2026 *** 
===============================================================================
[#035835 404MiB/1.4GiB(26%) CN:8 DL:3.8MiB ETA:4m43s]
FILE: /home/ubuntu/.cache/h100-vllm/installers/cudnn-local-repo-ubuntu2204-9.17.1_1.0-1_amd64.deb
-------------------------------------------------------------------------------

[#035835 404MiB/1.4GiB(26%) CN:8 DL:3.8MiB ETA:4m43s]
 *** Download Progress Summary as of Thu Jul 16 08:21:12 2026 *** 
===============================================================================
[#035835 409MiB/1.4GiB(27%) CN:8 DL:3.9MiB ETA:4m34s]
FILE: /home/ubuntu/.cache/h100-vllm/installers/cudnn-local-repo-ubuntu2204-9.17.1_1.0-1_amd64.deb
-------------------------------------------------------------------------------

[#035835 409MiB/1.4GiB(27%) CN:8 DL:3.9MiB ETA:4m34s]
 *** Download Progress Summary as of Thu Jul 16 08:21:13 2026 *** 
===============================================================================
[#035835 413MiB/1.4GiB(27%) CN:8 DL:3.9MiB ETA:4m33s]
FILE: /home/ubuntu/.cache/h100-vllm/installers/cudnn-local-repo-ubuntu2204-9.17.1_1.0-1_amd64.deb
-------------------------------------------------------------------------------

[#035835 413MiB/1.4GiB(27%) CN:8 DL:3.9MiB ETA:4m33s]
 *** Download Progress Summary as of Thu Jul 16 08:21:14 2026 *** 
===============================================================================
[#035835 417MiB/1.4GiB(27%) CN:8 DL:3.9MiB ETA:4m33s]
FILE: /home/ubuntu/.cache/h100-vllm/installers/cudnn-local-repo-ubuntu2204-9.17.1_1.0-1_amd64.deb
-------------------------------------------------------------------------------

[#035835 417MiB/1.4GiB(27%) CN:8 DL:3.9MiB ETA:4m33s]
 *** Download Progress Summary as of Thu Jul 16 08:21:15 2026 *** 
===============================================================================
[#035835 421MiB/1.4GiB(28%) CN:8 DL:3.9MiB ETA:4m31s]
FILE: /home/ubuntu/.cache/h100-vllm/installers/cudnn-local-repo-ubuntu2204-9.17.1_1.0-1_amd64.deb
-------------------------------------------------------------------------------

[#035835 421MiB/1.4GiB(28%) CN:8 DL:3.9MiB ETA:4m31s]
 *** Download Progress Summary as of Thu Jul 16 08:21:16 2026 *** 
===============================================================================
[#035835 425MiB/1.4GiB(28%) CN:8 DL:4.0MiB ETA:4m24s]
FILE: /home/ubuntu/.cache/h100-vllm/installers/cudnn-local-repo-ubuntu2204-9.17.1_1.0-1_amd64.deb
-------------------------------------------------------------------------------

[#035835 425MiB/1.4GiB(28%) CN:8 DL:4.0MiB ETA:4m24s]
 *** Download Progress Summary as of Thu Jul 16 08:21:17 2026 *** 
===============================================================================
[#035835 430MiB/1.4GiB(28%) CN:8 DL:4.1MiB ETA:4m14s]
FILE: /home/ubuntu/.cache/h100-vllm/installers/cudnn-local-repo-ubuntu2204-9.17.1_1.0-1_amd64.deb
-------------------------------------------------------------------------------

[#035835 430MiB/1.4GiB(28%) CN:8 DL:4.1MiB ETA:4m14s]
 *** Download Progress Summary as of Thu Jul 16 08:21:18 2026 *** 
===============================================================================
[#035835 434MiB/1.4GiB(28%) CN:8 DL:4.2MiB ETA:4m10s]
FILE: /home/ubuntu/.cache/h100-vllm/installers/cudnn-local-repo-ubuntu2204-9.17.1_1.0-1_amd64.deb
-------------------------------------------------------------------------------

[#035835 434MiB/1.4GiB(28%) CN:8 DL:4.2MiB ETA:4m10s]
 *** Download Progress Summary as of Thu Jul 16 08:21:19 2026 *** 
===============================================================================
[#035835 439MiB/1.4GiB(29%) CN:8 DL:4.3MiB ETA:4m3s]
FILE: /home/ubuntu/.cache/h100-vllm/installers/cudnn-local-repo-ubuntu2204-9.17.1_1.0-1_amd64.deb
-------------------------------------------------------------------------------

[#035835 439MiB/1.4GiB(29%) CN:8 DL:4.3MiB ETA:4m3s]
 *** Download Progress Summary as of Thu Jul 16 08:21:20 2026 *** 
===============================================================================
[#035835 444MiB/1.4GiB(29%) CN:8 DL:4.4MiB ETA:3m57s]
FILE: /home/ubuntu/.cache/h100-vllm/installers/cudnn-local-repo-ubuntu2204-9.17.1_1.0-1_amd64.deb
-------------------------------------------------------------------------------

[#035835 444MiB/1.4GiB(29%) CN:8 DL:4.4MiB ETA:3m57s]
 *** Download Progress Summary as of Thu Jul 16 08:21:21 2026 *** 
===============================================================================
[#035835 448MiB/1.4GiB(29%) CN:8 DL:4.4MiB ETA:3m56s]
FILE: /home/ubuntu/.cache/h100-vllm/installers/cudnn-local-repo-ubuntu2204-9.17.1_1.0-1_amd64.deb
-------------------------------------------------------------------------------

[#035835 448MiB/1.4GiB(29%) CN:8 DL:4.4MiB ETA:3m56s]
 *** Download Progress Summary as of Thu Jul 16 08:21:22 2026 *** 
===============================================================================
[#035835 452MiB/1.4GiB(30%) CN:8 DL:4.4MiB ETA:3m57s]
FILE: /home/ubuntu/.cache/h100-vllm/installers/cudnn-local-repo-ubuntu2204-9.17.1_1.0-1_amd64.deb
-------------------------------------------------------------------------------

[#035835 452MiB/1.4GiB(30%) CN:8 DL:4.4MiB ETA:3m57s]
 *** Download Progress Summary as of Thu Jul 16 08:21:23 2026 *** 
===============================================================================
[#035835 456MiB/1.4GiB(30%) CN:8 DL:4.2MiB ETA:4m7s]
FILE: /home/ubuntu/.cache/h100-vllm/installers/cudnn-local-repo-ubuntu2204-9.17.1_1.0-1_amd64.deb
-------------------------------------------------------------------------------

[#035835 456MiB/1.4GiB(30%) CN:8 DL:4.2MiB ETA:4m7s]
 *** Download Progress Summary as of Thu Jul 16 08:21:24 2026 *** 
===============================================================================
[#035835 461MiB/1.4GiB(30%) CN:8 DL:4.3MiB ETA:3m56s]
FILE: /home/ubuntu/.cache/h100-vllm/installers/cudnn-local-repo-ubuntu2204-9.17.1_1.0-1_amd64.deb
-------------------------------------------------------------------------------

[#035835 461MiB/1.4GiB(30%) CN:8 DL:4.3MiB ETA:3m56s]
 *** Download Progress Summary as of Thu Jul 16 08:21:25 2026 *** 
===============================================================================
[#035835 465MiB/1.4GiB(31%) CN:8 DL:4.3MiB ETA:3m56s]
FILE: /home/ubuntu/.cache/h100-vllm/installers/cudnn-local-repo-ubuntu2204-9.17.1_1.0-1_amd64.deb
-------------------------------------------------------------------------------

[#035835 465MiB/1.4GiB(31%) CN:8 DL:4.3MiB ETA:3m56s]
 *** Download Progress Summary as of Thu Jul 16 08:21:26 2026 *** 
===============================================================================
[#035835 470MiB/1.4GiB(31%) CN:8 DL:4.4MiB ETA:3m52s]
FILE: /home/ubuntu/.cache/h100-vllm/installers/cudnn-local-repo-ubuntu2204-9.17.1_1.0-1_amd64.deb
-------------------------------------------------------------------------------

[#035835 470MiB/1.4GiB(31%) CN:8 DL:4.4MiB ETA:3m52s]
 *** Download Progress Summary as of Thu Jul 16 08:21:27 2026 *** 
===============================================================================
[#035835 475MiB/1.4GiB(31%) CN:8 DL:4.4MiB ETA:3m48s]
FILE: /home/ubuntu/.cache/h100-vllm/installers/cudnn-local-repo-ubuntu2204-9.17.1_1.0-1_amd64.deb
-------------------------------------------------------------------------------

[#035835 475MiB/1.4GiB(31%) CN:8 DL:4.4MiB ETA:3m48s]
 *** Download Progress Summary as of Thu Jul 16 08:21:28 2026 *** 
===============================================================================
[#035835 480MiB/1.4GiB(32%) CN:8 DL:4.5MiB ETA:3m43s]
FILE: /home/ubuntu/.cache/h100-vllm/installers/cudnn-local-repo-ubuntu2204-9.17.1_1.0-1_amd64.deb
-------------------------------------------------------------------------------

[#035835 480MiB/1.4GiB(32%) CN:8 DL:4.5MiB ETA:3m43s]
 *** Download Progress Summary as of Thu Jul 16 08:21:29 2026 *** 
===============================================================================
[#035835 486MiB/1.4GiB(32%) CN:8 DL:4.6MiB ETA:3m38s]
FILE: /home/ubuntu/.cache/h100-vllm/installers/cudnn-local-repo-ubuntu2204-9.17.1_1.0-1_amd64.deb
-------------------------------------------------------------------------------

[#035835 486MiB/1.4GiB(32%) CN:8 DL:4.6MiB ETA:3m38s]
 *** Download Progress Summary as of Thu Jul 16 08:21:30 2026 *** 
===============================================================================
[#035835 491MiB/1.4GiB(32%) CN:8 DL:4.6MiB ETA:3m36s]
FILE: /home/ubuntu/.cache/h100-vllm/installers/cudnn-local-repo-ubuntu2204-9.17.1_1.0-1_amd64.deb
-------------------------------------------------------------------------------

[#035835 491MiB/1.4GiB(32%) CN:8 DL:4.6MiB ETA:3m36s]
 *** Download Progress Summary as of Thu Jul 16 08:21:31 2026 *** 
===============================================================================
[#035835 496MiB/1.4GiB(33%) CN:8 DL:4.7MiB ETA:3m32s]
FILE: /home/ubuntu/.cache/h100-vllm/installers/cudnn-local-repo-ubuntu2204-9.17.1_1.0-1_amd64.deb
-------------------------------------------------------------------------------

[#035835 496MiB/1.4GiB(33%) CN:8 DL:4.7MiB ETA:3m32s]
 *** Download Progress Summary as of Thu Jul 16 08:21:32 2026 *** 
===============================================================================
[#035835 501MiB/1.4GiB(33%) CN:8 DL:4.7MiB ETA:3m28s]
FILE: /home/ubuntu/.cache/h100-vllm/installers/cudnn-local-repo-ubuntu2204-9.17.1_1.0-1_amd64.deb
-------------------------------------------------------------------------------

[#035835 501MiB/1.4GiB(33%) CN:8 DL:4.7MiB ETA:3m28s]
 *** Download Progress Summary as of Thu Jul 16 08:21:33 2026 *** 
===============================================================================
[#035835 505MiB/1.4GiB(33%) CN:8 DL:4.8MiB ETA:3m25s]
FILE: /home/ubuntu/.cache/h100-vllm/installers/cudnn-local-repo-ubuntu2204-9.17.1_1.0-1_amd64.deb
-------------------------------------------------------------------------------

[#035835 505MiB/1.4GiB(33%) CN:8 DL:4.8MiB ETA:3m25s]
 *** Download Progress Summary as of Thu Jul 16 08:21:34 2026 *** 
===============================================================================
[#035835 509MiB/1.4GiB(33%) CN:8 DL:4.8MiB ETA:3m22s]
FILE: /home/ubuntu/.cache/h100-vllm/installers/cudnn-local-repo-ubuntu2204-9.17.1_1.0-1_amd64.deb
-------------------------------------------------------------------------------

[#035835 509MiB/1.4GiB(33%) CN:8 DL:4.8MiB ETA:3m22s]
 *** Download Progress Summary as of Thu Jul 16 08:21:35 2026 *** 
===============================================================================
[#035835 513MiB/1.4GiB(34%) CN:8 DL:4.8MiB ETA:3m23s]
FILE: /home/ubuntu/.cache/h100-vllm/installers/cudnn-local-repo-ubuntu2204-9.17.1_1.0-1_amd64.deb
-------------------------------------------------------------------------------

[#035835 513MiB/1.4GiB(34%) CN:8 DL:4.8MiB ETA:3m23s]
 *** Download Progress Summary as of Thu Jul 16 08:21:36 2026 *** 
===============================================================================
[#035835 517MiB/1.4GiB(34%) CN:8 DL:4.7MiB ETA:3m28s]
FILE: /home/ubuntu/.cache/h100-vllm/installers/cudnn-local-repo-ubuntu2204-9.17.1_1.0-1_amd64.deb
-------------------------------------------------------------------------------

[#035835 517MiB/1.4GiB(34%) CN:8 DL:4.7MiB ETA:3m28s]
 *** Download Progress Summary as of Thu Jul 16 08:21:37 2026 *** 
===============================================================================
[#035835 521MiB/1.4GiB(34%) CN:8 DL:4.6MiB ETA:3m30s]
FILE: /home/ubuntu/.cache/h100-vllm/installers/cudnn-local-repo-ubuntu2204-9.17.1_1.0-1_amd64.deb
-------------------------------------------------------------------------------

[#035835 521MiB/1.4GiB(34%) CN:8 DL:4.6MiB ETA:3m30s]
 *** Download Progress Summary as of Thu Jul 16 08:21:38 2026 *** 
===============================================================================
[#035835 525MiB/1.4GiB(35%) CN:8 DL:4.4MiB ETA:3m37s]
FILE: /home/ubuntu/.cache/h100-vllm/installers/cudnn-local-repo-ubuntu2204-9.17.1_1.0-1_amd64.deb
-------------------------------------------------------------------------------

[#035835 525MiB/1.4GiB(35%) CN:8 DL:4.4MiB ETA:3m37s]
 *** Download Progress Summary as of Thu Jul 16 08:21:39 2026 *** 
===============================================================================
[#035835 528MiB/1.4GiB(35%) CN:8 DL:4.2MiB ETA:3m49s]
FILE: /home/ubuntu/.cache/h100-vllm/installers/cudnn-local-repo-ubuntu2204-9.17.1_1.0-1_amd64.deb
-------------------------------------------------------------------------------

[#035835 528MiB/1.4GiB(35%) CN:8 DL:4.2MiB ETA:3m49s]
 *** Download Progress Summary as of Thu Jul 16 08:21:40 2026 *** 
===============================================================================
[#035835 531MiB/1.4GiB(35%) CN:8 DL:4.0MiB ETA:3m58s]
FILE: /home/ubuntu/.cache/h100-vllm/installers/cudnn-local-repo-ubuntu2204-9.17.1_1.0-1_amd64.deb
-------------------------------------------------------------------------------

[#035835 531MiB/1.4GiB(35%) CN:8 DL:4.0MiB ETA:3m58s]
 *** Download Progress Summary as of Thu Jul 16 08:21:41 2026 *** 
===============================================================================
[#035835 535MiB/1.4GiB(35%) CN:8 DL:3.9MiB ETA:4m7s]
FILE: /home/ubuntu/.cache/h100-vllm/installers/cudnn-local-repo-ubuntu2204-9.17.1_1.0-1_amd64.deb
-------------------------------------------------------------------------------

[#035835 535MiB/1.4GiB(35%) CN:8 DL:3.9MiB ETA:4m7s]
 *** Download Progress Summary as of Thu Jul 16 08:21:42 2026 *** 
===============================================================================
[#035835 538MiB/1.4GiB(35%) CN:8 DL:3.7MiB ETA:4m15s]
FILE: /home/ubuntu/.cache/h100-vllm/installers/cudnn-local-repo-ubuntu2204-9.17.1_1.0-1_amd64.deb
-------------------------------------------------------------------------------

[#035835 538MiB/1.4GiB(35%) CN:8 DL:3.7MiB ETA:4m15s]
 *** Download Progress Summary as of Thu Jul 16 08:21:43 2026 *** 
===============================================================================
[#035835 541MiB/1.4GiB(36%) CN:8 DL:3.6MiB ETA:4m23s]
FILE: /home/ubuntu/.cache/h100-vllm/installers/cudnn-local-repo-ubuntu2204-9.17.1_1.0-1_amd64.deb
-------------------------------------------------------------------------------

[#035835 541MiB/1.4GiB(36%) CN:8 DL:3.6MiB ETA:4m23s]
 *** Download Progress Summary as of Thu Jul 16 08:21:44 2026 *** 
===============================================================================
[#035835 545MiB/1.4GiB(36%) CN:8 DL:3.5MiB ETA:4m26s]
FILE: /home/ubuntu/.cache/h100-vllm/installers/cudnn-local-repo-ubuntu2204-9.17.1_1.0-1_amd64.deb
-------------------------------------------------------------------------------

[#035835 545MiB/1.4GiB(36%) CN:8 DL:3.5MiB ETA:4m26s]
 *** Download Progress Summary as of Thu Jul 16 08:21:45 2026 *** 
===============================================================================
[#035835 548MiB/1.4GiB(36%) CN:8 DL:3.4MiB ETA:4m32s]
FILE: /home/ubuntu/.cache/h100-vllm/installers/cudnn-local-repo-ubuntu2204-9.17.1_1.0-1_amd64.deb
-------------------------------------------------------------------------------

[#035835 548MiB/1.4GiB(36%) CN:8 DL:3.4MiB ETA:4m32s]
 *** Download Progress Summary as of Thu Jul 16 08:21:46 2026 *** 
===============================================================================
[#035835 550MiB/1.4GiB(36%) CN:8 DL:3.3MiB ETA:4m42s]
FILE: /home/ubuntu/.cache/h100-vllm/installers/cudnn-local-repo-ubuntu2204-9.17.1_1.0-1_amd64.deb
-------------------------------------------------------------------------------

[#035835 550MiB/1.4GiB(36%) CN:8 DL:3.3MiB ETA:4m42s]
 *** Download Progress Summary as of Thu Jul 16 08:21:47 2026 *** 
===============================================================================
[#035835 553MiB/1.4GiB(36%) CN:8 DL:3.2MiB ETA:4m53s]
FILE: /home/ubuntu/.cache/h100-vllm/installers/cudnn-local-repo-ubuntu2204-9.17.1_1.0-1_amd64.deb
-------------------------------------------------------------------------------

[#035835 553MiB/1.4GiB(36%) CN:8 DL:3.2MiB ETA:4m53s]
 *** Download Progress Summary as of Thu Jul 16 08:21:48 2026 *** 
===============================================================================
[#035835 555MiB/1.4GiB(37%) CN:8 DL:3.0MiB ETA:5m11s]
FILE: /home/ubuntu/.cache/h100-vllm/installers/cudnn-local-repo-ubuntu2204-9.17.1_1.0-1_amd64.deb
-------------------------------------------------------------------------------

[#035835 555MiB/1.4GiB(37%) CN:8 DL:3.0MiB ETA:5m11s]
 *** Download Progress Summary as of Thu Jul 16 08:21:49 2026 *** 
===============================================================================
[#035835 557MiB/1.4GiB(37%) CN:8 DL:2.9MiB ETA:5m24s]
FILE: /home/ubuntu/.cache/h100-vllm/installers/cudnn-local-repo-ubuntu2204-9.17.1_1.0-1_amd64.deb
-------------------------------------------------------------------------------

[#035835 557MiB/1.4GiB(37%) CN:8 DL:2.9MiB ETA:5m24s]
 *** Download Progress Summary as of Thu Jul 16 08:21:50 2026 *** 
===============================================================================
[#035835 559MiB/1.4GiB(37%) CN:8 DL:2.7MiB ETA:5m40s]
FILE: /home/ubuntu/.cache/h100-vllm/installers/cudnn-local-repo-ubuntu2204-9.17.1_1.0-1_amd64.deb
-------------------------------------------------------------------------------

[#035835 559MiB/1.4GiB(37%) CN:8 DL:2.7MiB ETA:5m40s]
 *** Download Progress Summary as of Thu Jul 16 08:21:51 2026 *** 
===============================================================================
[#035835 561MiB/1.4GiB(37%) CN:8 DL:2.6MiB ETA:5m59s]
FILE: /home/ubuntu/.cache/h100-vllm/installers/cudnn-local-repo-ubuntu2204-9.17.1_1.0-1_amd64.deb
-------------------------------------------------------------------------------

[#035835 561MiB/1.4GiB(37%) CN:8 DL:2.6MiB ETA:5m59s]
 *** Download Progress Summary as of Thu Jul 16 08:21:52 2026 *** 
===============================================================================
[#035835 564MiB/1.4GiB(37%) CN:8 DL:2.5MiB ETA:6m7s]
FILE: /home/ubuntu/.cache/h100-vllm/installers/cudnn-local-repo-ubuntu2204-9.17.1_1.0-1_amd64.deb
-------------------------------------------------------------------------------

[#035835 564MiB/1.4GiB(37%) CN:8 DL:2.5MiB ETA:6m7s]
 *** Download Progress Summary as of Thu Jul 16 08:21:53 2026 *** 
===============================================================================
[#035835 566MiB/1.4GiB(37%) CN:8 DL:2.5MiB ETA:6m7s]
FILE: /home/ubuntu/.cache/h100-vllm/installers/cudnn-local-repo-ubuntu2204-9.17.1_1.0-1_amd64.deb
-------------------------------------------------------------------------------

[#035835 566MiB/1.4GiB(37%) CN:8 DL:2.5MiB ETA:6m7s]
 *** Download Progress Summary as of Thu Jul 16 08:21:54 2026 *** 
===============================================================================
[#035835 569MiB/1.4GiB(37%) CN:8 DL:2.4MiB ETA:6m19s]
FILE: /home/ubuntu/.cache/h100-vllm/installers/cudnn-local-repo-ubuntu2204-9.17.1_1.0-1_amd64.deb
-------------------------------------------------------------------------------

[#035835 569MiB/1.4GiB(37%) CN:8 DL:2.4MiB ETA:6m19s]
 *** Download Progress Summary as of Thu Jul 16 08:21:55 2026 *** 
===============================================================================
[#035835 572MiB/1.4GiB(38%) CN:8 DL:2.4MiB ETA:6m15s]
FILE: /home/ubuntu/.cache/h100-vllm/installers/cudnn-local-repo-ubuntu2204-9.17.1_1.0-1_amd64.deb
-------------------------------------------------------------------------------

[#035835 572MiB/1.4GiB(38%) CN:8 DL:2.4MiB ETA:6m15s]
 *** Download Progress Summary as of Thu Jul 16 08:21:56 2026 *** 
===============================================================================
[#035835 575MiB/1.4GiB(38%) CN:8 DL:2.4MiB ETA:6m10s]
FILE: /home/ubuntu/.cache/h100-vllm/installers/cudnn-local-repo-ubuntu2204-9.17.1_1.0-1_amd64.deb
-------------------------------------------------------------------------------

[#035835 575MiB/1.4GiB(38%) CN:8 DL:2.4MiB ETA:6m10s]
 *** Download Progress Summary as of Thu Jul 16 08:21:57 2026 *** 
===============================================================================
[#035835 577MiB/1.4GiB(38%) CN:8 DL:2.4MiB ETA:6m12s]
FILE: /home/ubuntu/.cache/h100-vllm/installers/cudnn-local-repo-ubuntu2204-9.17.1_1.0-1_amd64.deb
-------------------------------------------------------------------------------

[#035835 577MiB/1.4GiB(38%) CN:8 DL:2.4MiB ETA:6m12s]
 *** Download Progress Summary as of Thu Jul 16 08:21:58 2026 *** 
===============================================================================
[#035835 580MiB/1.4GiB(38%) CN:8 DL:2.5MiB ETA:6m6s]
FILE: /home/ubuntu/.cache/h100-vllm/installers/cudnn-local-repo-ubuntu2204-9.17.1_1.0-1_amd64.deb
-------------------------------------------------------------------------------

[#035835 580MiB/1.4GiB(38%) CN:8 DL:2.5MiB ETA:6m6s]
 *** Download Progress Summary as of Thu Jul 16 08:21:59 2026 *** 
===============================================================================
[#035835 583MiB/1.4GiB(38%) CN:8 DL:2.6MiB ETA:5m51s]
FILE: /home/ubuntu/.cache/h100-vllm/installers/cudnn-local-repo-ubuntu2204-9.17.1_1.0-1_amd64.deb
-------------------------------------------------------------------------------

[#035835 583MiB/1.4GiB(38%) CN:8 DL:2.6MiB ETA:5m51s]
 *** Download Progress Summary as of Thu Jul 16 08:22:00 2026 *** 
===============================================================================
[#035835 586MiB/1.4GiB(39%) CN:8 DL:2.7MiB ETA:5m31s]
FILE: /home/ubuntu/.cache/h100-vllm/installers/cudnn-local-repo-ubuntu2204-9.17.1_1.0-1_amd64.deb
-------------------------------------------------------------------------------

[#035835 586MiB/1.4GiB(39%) CN:8 DL:2.7MiB ETA:5m31s]
 *** Download Progress Summary as of Thu Jul 16 08:22:01 2026 *** 
===============================================================================
[#035835 590MiB/1.4GiB(39%) CN:8 DL:2.9MiB ETA:5m8s]
FILE: /home/ubuntu/.cache/h100-vllm/installers/cudnn-local-repo-ubuntu2204-9.17.1_1.0-1_amd64.deb
-------------------------------------------------------------------------------

[#035835 590MiB/1.4GiB(39%) CN:8 DL:2.9MiB ETA:5m8s]
 *** Download Progress Summary as of Thu Jul 16 08:22:02 2026 *** 
===============================================================================
[#035835 594MiB/1.4GiB(39%) CN:8 DL:3.0MiB ETA:4m54s]
FILE: /home/ubuntu/.cache/h100-vllm/installers/cudnn-local-repo-ubuntu2204-9.17.1_1.0-1_amd64.deb
-------------------------------------------------------------------------------

[#035835 594MiB/1.4GiB(39%) CN:8 DL:3.0MiB ETA:4m54s]
 *** Download Progress Summary as of Thu Jul 16 08:22:03 2026 *** 
===============================================================================
[#035835 598MiB/1.4GiB(39%) CN:8 DL:3.2MiB ETA:4m40s]
FILE: /home/ubuntu/.cache/h100-vllm/installers/cudnn-local-repo-ubuntu2204-9.17.1_1.0-1_amd64.deb
-------------------------------------------------------------------------------

[#035835 598MiB/1.4GiB(39%) CN:8 DL:3.2MiB ETA:4m40s]
 *** Download Progress Summary as of Thu Jul 16 08:22:04 2026 *** 
===============================================================================
[#035835 602MiB/1.4GiB(40%) CN:8 DL:3.3MiB ETA:4m28s]
FILE: /home/ubuntu/.cache/h100-vllm/installers/cudnn-local-repo-ubuntu2204-9.17.1_1.0-1_amd64.deb
-------------------------------------------------------------------------------

[#035835 602MiB/1.4GiB(40%) CN:8 DL:3.3MiB ETA:4m28s]
 *** Download Progress Summary as of Thu Jul 16 08:22:05 2026 *** 
===============================================================================
[#035835 607MiB/1.4GiB(40%) CN:8 DL:3.4MiB ETA:4m15s]
FILE: /home/ubuntu/.cache/h100-vllm/installers/cudnn-local-repo-ubuntu2204-9.17.1_1.0-1_amd64.deb
-------------------------------------------------------------------------------

[#035835 607MiB/1.4GiB(40%) CN:8 DL:3.4MiB ETA:4m15s]
 *** Download Progress Summary as of Thu Jul 16 08:22:06 2026 *** 
===============================================================================
[#035835 611MiB/1.4GiB(40%) CN:8 DL:3.6MiB ETA:4m1s]
FILE: /home/ubuntu/.cache/h100-vllm/installers/cudnn-local-repo-ubuntu2204-9.17.1_1.0-1_amd64.deb
-------------------------------------------------------------------------------

[#035835 611MiB/1.4GiB(40%) CN:8 DL:3.6MiB ETA:4m1s]
 *** Download Progress Summary as of Thu Jul 16 08:22:07 2026 *** 
===============================================================================
[#035835 615MiB/1.4GiB(41%) CN:8 DL:3.8MiB ETA:3m50s]
FILE: /home/ubuntu/.cache/h100-vllm/installers/cudnn-local-repo-ubuntu2204-9.17.1_1.0-1_amd64.deb
-------------------------------------------------------------------------------

[#035835 615MiB/1.4GiB(41%) CN:8 DL:3.8MiB ETA:3m50s]
 *** Download Progress Summary as of Thu Jul 16 08:22:08 2026 *** 
===============================================================================
[#035835 618MiB/1.4GiB(41%) CN:8 DL:3.9MiB ETA:3m45s]
FILE: /home/ubuntu/.cache/h100-vllm/installers/cudnn-local-repo-ubuntu2204-9.17.1_1.0-1_amd64.deb
-------------------------------------------------------------------------------

[#035835 618MiB/1.4GiB(41%) CN:8 DL:3.9MiB ETA:3m45s]
 *** Download Progress Summary as of Thu Jul 16 08:22:09 2026 *** 
===============================================================================
[#035835 621MiB/1.4GiB(41%) CN:8 DL:3.9MiB ETA:3m43s]
FILE: /home/ubuntu/.cache/h100-vllm/installers/cudnn-local-repo-ubuntu2204-9.17.1_1.0-1_amd64.deb
-------------------------------------------------------------------------------

[#035835 621MiB/1.4GiB(41%) CN:8 DL:3.9MiB ETA:3m43s]
 *** Download Progress Summary as of Thu Jul 16 08:22:10 2026 *** 
===============================================================================
[#035835 624MiB/1.4GiB(41%) CN:8 DL:3.8MiB ETA:3m47s]
FILE: /home/ubuntu/.cache/h100-vllm/installers/cudnn-local-repo-ubuntu2204-9.17.1_1.0-1_amd64.deb
-------------------------------------------------------------------------------

[#035835 624MiB/1.4GiB(41%) CN:8 DL:3.8MiB ETA:3m47s]
 *** Download Progress Summary as of Thu Jul 16 08:22:11 2026 *** 
===============================================================================
[#035835 627MiB/1.4GiB(41%) CN:8 DL:3.6MiB ETA:3m55s]
FILE: /home/ubuntu/.cache/h100-vllm/installers/cudnn-local-repo-ubuntu2204-9.17.1_1.0-1_amd64.deb
-------------------------------------------------------------------------------

[#035835 627MiB/1.4GiB(41%) CN:8 DL:3.6MiB ETA:3m55s]
 *** Download Progress Summary as of Thu Jul 16 08:22:12 2026 *** 
===============================================================================
[#035835 628MiB/1.4GiB(41%) CN:8 DL:3.4MiB ETA:4m13s]
FILE: /home/ubuntu/.cache/h100-vllm/installers/cudnn-local-repo-ubuntu2204-9.17.1_1.0-1_amd64.deb
-------------------------------------------------------------------------------

[#035835 628MiB/1.4GiB(41%) CN:8 DL:3.4MiB ETA:4m13s]
 *** Download Progress Summary as of Thu Jul 16 08:22:13 2026 *** 
===============================================================================
[#035835 631MiB/1.4GiB(42%) CN:8 DL:3.2MiB ETA:4m24s]
FILE: /home/ubuntu/.cache/h100-vllm/installers/cudnn-local-repo-ubuntu2204-9.17.1_1.0-1_amd64.deb
-------------------------------------------------------------------------------

[#035835 631MiB/1.4GiB(42%) CN:8 DL:3.2MiB ETA:4m24s]
 *** Download Progress Summary as of Thu Jul 16 08:22:14 2026 *** 
===============================================================================
[#035835 635MiB/1.4GiB(42%) CN:8 DL:3.1MiB ETA:4m31s]
FILE: /home/ubuntu/.cache/h100-vllm/installers/cudnn-local-repo-ubuntu2204-9.17.1_1.0-1_amd64.deb
-------------------------------------------------------------------------------

[#035835 635MiB/1.4GiB(42%) CN:8 DL:3.1MiB ETA:4m31s]
 *** Download Progress Summary as of Thu Jul 16 08:22:15 2026 *** 
===============================================================================
[#035835 638MiB/1.4GiB(42%) CN:8 DL:3.0MiB ETA:4m39s]
FILE: /home/ubuntu/.cache/h100-vllm/installers/cudnn-local-repo-ubuntu2204-9.17.1_1.0-1_amd64.deb
-------------------------------------------------------------------------------

[#035835 638MiB/1.4GiB(42%) CN:8 DL:3.0MiB ETA:4m39s]
 *** Download Progress Summary as of Thu Jul 16 08:22:16 2026 *** 
===============================================================================
[#035835 641MiB/1.4GiB(42%) CN:8 DL:2.9MiB ETA:4m47s]
FILE: /home/ubuntu/.cache/h100-vllm/installers/cudnn-local-repo-ubuntu2204-9.17.1_1.0-1_amd64.deb
-------------------------------------------------------------------------------

[#035835 641MiB/1.4GiB(42%) CN:8 DL:2.9MiB ETA:4m47s]
 *** Download Progress Summary as of Thu Jul 16 08:22:17 2026 *** 
===============================================================================
[#035835 644MiB/1.4GiB(42%) CN:8 DL:2.9MiB ETA:4m53s]
FILE: /home/ubuntu/.cache/h100-vllm/installers/cudnn-local-repo-ubuntu2204-9.17.1_1.0-1_amd64.deb
-------------------------------------------------------------------------------

[#035835 644MiB/1.4GiB(42%) CN:8 DL:2.9MiB ETA:4m53s]
 *** Download Progress Summary as of Thu Jul 16 08:22:18 2026 *** 
===============================================================================
[#035835 648MiB/1.4GiB(43%) CN:8 DL:2.9MiB ETA:4m48s]
FILE: /home/ubuntu/.cache/h100-vllm/installers/cudnn-local-repo-ubuntu2204-9.17.1_1.0-1_amd64.deb
-------------------------------------------------------------------------------

[#035835 648MiB/1.4GiB(43%) CN:8 DL:2.9MiB ETA:4m48s]
 *** Download Progress Summary as of Thu Jul 16 08:22:19 2026 *** 
===============================================================================
[#035835 650MiB/1.4GiB(43%) CN:8 DL:2.9MiB ETA:4m48s]
FILE: /home/ubuntu/.cache/h100-vllm/installers/cudnn-local-repo-ubuntu2204-9.17.1_1.0-1_amd64.deb
-------------------------------------------------------------------------------

[#035835 650MiB/1.4GiB(43%) CN:8 DL:2.9MiB ETA:4m48s]
 *** Download Progress Summary as of Thu Jul 16 08:22:20 2026 *** 
===============================================================================
[#035835 654MiB/1.4GiB(43%) CN:8 DL:2.9MiB ETA:4m43s]
FILE: /home/ubuntu/.cache/h100-vllm/installers/cudnn-local-repo-ubuntu2204-9.17.1_1.0-1_amd64.deb
-------------------------------------------------------------------------------

[#035835 654MiB/1.4GiB(43%) CN:8 DL:2.9MiB ETA:4m43s]
 *** Download Progress Summary as of Thu Jul 16 08:22:21 2026 *** 
===============================================================================
[#035835 657MiB/1.4GiB(43%) CN:8 DL:3.1MiB ETA:4m29s]
FILE: /home/ubuntu/.cache/h100-vllm/installers/cudnn-local-repo-ubuntu2204-9.17.1_1.0-1_amd64.deb
-------------------------------------------------------------------------------

[#035835 657MiB/1.4GiB(43%) CN:8 DL:3.1MiB ETA:4m29s]
 *** Download Progress Summary as of Thu Jul 16 08:22:22 2026 *** 
===============================================================================
[#035835 660MiB/1.4GiB(44%) CN:8 DL:3.2MiB ETA:4m18s]
FILE: /home/ubuntu/.cache/h100-vllm/installers/cudnn-local-repo-ubuntu2204-9.17.1_1.0-1_amd64.deb
-------------------------------------------------------------------------------

[#035835 660MiB/1.4GiB(44%) CN:8 DL:3.2MiB ETA:4m18s]
 *** Download Progress Summary as of Thu Jul 16 08:22:23 2026 *** 
===============================================================================
[#035835 663MiB/1.4GiB(44%) CN:8 DL:3.2MiB ETA:4m18s]
FILE: /home/ubuntu/.cache/h100-vllm/installers/cudnn-local-repo-ubuntu2204-9.17.1_1.0-1_amd64.deb
-------------------------------------------------------------------------------

[#035835 663MiB/1.4GiB(44%) CN:8 DL:3.2MiB ETA:4m18s]
 *** Download Progress Summary as of Thu Jul 16 08:22:24 2026 *** 
===============================================================================
[#035835 666MiB/1.4GiB(44%) CN:8 DL:3.2MiB ETA:4m19s]
FILE: /home/ubuntu/.cache/h100-vllm/installers/cudnn-local-repo-ubuntu2204-9.17.1_1.0-1_amd64.deb
-------------------------------------------------------------------------------

[#035835 666MiB/1.4GiB(44%) CN:8 DL:3.2MiB ETA:4m19s]
 *** Download Progress Summary as of Thu Jul 16 08:22:25 2026 *** 
===============================================================================
[#035835 669MiB/1.4GiB(44%) CN:8 DL:3.1MiB ETA:4m25s]
FILE: /home/ubuntu/.cache/h100-vllm/installers/cudnn-local-repo-ubuntu2204-9.17.1_1.0-1_amd64.deb
-------------------------------------------------------------------------------

[#035835 669MiB/1.4GiB(44%) CN:8 DL:3.1MiB ETA:4m25s]
 *** Download Progress Summary as of Thu Jul 16 08:22:26 2026 *** 
===============================================================================
[#035835 671MiB/1.4GiB(44%) CN:8 DL:3.0MiB ETA:4m32s]
FILE: /home/ubuntu/.cache/h100-vllm/installers/cudnn-local-repo-ubuntu2204-9.17.1_1.0-1_amd64.deb
-------------------------------------------------------------------------------

[#035835 671MiB/1.4GiB(44%) CN:8 DL:3.0MiB ETA:4m32s]
 *** Download Progress Summary as of Thu Jul 16 08:22:27 2026 *** 
===============================================================================
[#035835 674MiB/1.4GiB(44%) CN:8 DL:2.9MiB ETA:4m38s]
FILE: /home/ubuntu/.cache/h100-vllm/installers/cudnn-local-repo-ubuntu2204-9.17.1_1.0-1_amd64.deb
-------------------------------------------------------------------------------

[#035835 674MiB/1.4GiB(44%) CN:8 DL:2.9MiB ETA:4m38s]
 *** Download Progress Summary as of Thu Jul 16 08:22:28 2026 *** 
===============================================================================
[#035835 676MiB/1.4GiB(45%) CN:8 DL:2.8MiB ETA:4m48s]
FILE: /home/ubuntu/.cache/h100-vllm/installers/cudnn-local-repo-ubuntu2204-9.17.1_1.0-1_amd64.deb
-------------------------------------------------------------------------------

[#035835 676MiB/1.4GiB(45%) CN:8 DL:2.8MiB ETA:4m48s]
 *** Download Progress Summary as of Thu Jul 16 08:22:29 2026 *** 
===============================================================================
[#035835 678MiB/1.4GiB(45%) CN:8 DL:2.7MiB ETA:4m55s]
FILE: /home/ubuntu/.cache/h100-vllm/installers/cudnn-local-repo-ubuntu2204-9.17.1_1.0-1_amd64.deb
-------------------------------------------------------------------------------

[#035835 678MiB/1.4GiB(45%) CN:8 DL:2.7MiB ETA:4m55s]
 *** Download Progress Summary as of Thu Jul 16 08:22:30 2026 *** 
===============================================================================
[#035835 681MiB/1.4GiB(45%) CN:8 DL:2.6MiB ETA:5m6s]
FILE: /home/ubuntu/.cache/h100-vllm/installers/cudnn-local-repo-ubuntu2204-9.17.1_1.0-1_amd64.deb
-------------------------------------------------------------------------------

[#035835 681MiB/1.4GiB(45%) CN:8 DL:2.6MiB ETA:5m6s]
 *** Download Progress Summary as of Thu Jul 16 08:22:31 2026 *** 
===============================================================================
[#035835 683MiB/1.4GiB(45%) CN:8 DL:2.5MiB ETA:5m17s]
FILE: /home/ubuntu/.cache/h100-vllm/installers/cudnn-local-repo-ubuntu2204-9.17.1_1.0-1_amd64.deb
-------------------------------------------------------------------------------

[#035835 683MiB/1.4GiB(45%) CN:8 DL:2.5MiB ETA:5m17s]
 *** Download Progress Summary as of Thu Jul 16 08:22:32 2026 *** 
===============================================================================
[#035835 686MiB/1.4GiB(45%) CN:8 DL:2.5MiB ETA:5m17s]
FILE: /home/ubuntu/.cache/h100-vllm/installers/cudnn-local-repo-ubuntu2204-9.17.1_1.0-1_amd64.deb
-------------------------------------------------------------------------------

[#035835 686MiB/1.4GiB(45%) CN:8 DL:2.5MiB ETA:5m17s]
 *** Download Progress Summary as of Thu Jul 16 08:22:33 2026 *** 
===============================================================================
[#035835 689MiB/1.4GiB(45%) CN:8 DL:2.5MiB ETA:5m15s]
FILE: /home/ubuntu/.cache/h100-vllm/installers/cudnn-local-repo-ubuntu2204-9.17.1_1.0-1_amd64.deb
-------------------------------------------------------------------------------

[#035835 689MiB/1.4GiB(45%) CN:8 DL:2.5MiB ETA:5m15s]
 *** Download Progress Summary as of Thu Jul 16 08:22:34 2026 *** 
===============================================================================
[#035835 692MiB/1.4GiB(46%) CN:8 DL:2.5MiB ETA:5m10s]
FILE: /home/ubuntu/.cache/h100-vllm/installers/cudnn-local-repo-ubuntu2204-9.17.1_1.0-1_amd64.deb
-------------------------------------------------------------------------------

[#035835 692MiB/1.4GiB(46%) CN:8 DL:2.5MiB ETA:5m10s]
 *** Download Progress Summary as of Thu Jul 16 08:22:35 2026 *** 
===============================================================================
[#035835 695MiB/1.4GiB(46%) CN:8 DL:2.6MiB ETA:5m3s]
FILE: /home/ubuntu/.cache/h100-vllm/installers/cudnn-local-repo-ubuntu2204-9.17.1_1.0-1_amd64.deb
-------------------------------------------------------------------------------

[#035835 695MiB/1.4GiB(46%) CN:8 DL:2.6MiB ETA:5m3s]
 *** Download Progress Summary as of Thu Jul 16 08:22:36 2026 *** 
===============================================================================
[#035835 698MiB/1.4GiB(46%) CN:8 DL:2.7MiB ETA:4m50s]
FILE: /home/ubuntu/.cache/h100-vllm/installers/cudnn-local-repo-ubuntu2204-9.17.1_1.0-1_amd64.deb
-------------------------------------------------------------------------------

[#035835 698MiB/1.4GiB(46%) CN:8 DL:2.7MiB ETA:4m50s]
 *** Download Progress Summary as of Thu Jul 16 08:22:37 2026 *** 
===============================================================================
[#035835 702MiB/1.4GiB(46%) CN:8 DL:2.8MiB ETA:4m37s]
FILE: /home/ubuntu/.cache/h100-vllm/installers/cudnn-local-repo-ubuntu2204-9.17.1_1.0-1_amd64.deb
-------------------------------------------------------------------------------

[#035835 702MiB/1.4GiB(46%) CN:8 DL:2.8MiB ETA:4m37s]
 *** Download Progress Summary as of Thu Jul 16 08:22:38 2026 *** 
===============================================================================
[#035835 706MiB/1.4GiB(47%) CN:8 DL:3.0MiB ETA:4m20s]
FILE: /home/ubuntu/.cache/h100-vllm/installers/cudnn-local-repo-ubuntu2204-9.17.1_1.0-1_amd64.deb
-------------------------------------------------------------------------------

[#035835 706MiB/1.4GiB(47%) CN:8 DL:3.0MiB ETA:4m20s]
 *** Download Progress Summary as of Thu Jul 16 08:22:39 2026 *** 
===============================================================================
[#035835 709MiB/1.4GiB(47%) CN:8 DL:3.1MiB ETA:4m7s]
FILE: /home/ubuntu/.cache/h100-vllm/installers/cudnn-local-repo-ubuntu2204-9.17.1_1.0-1_amd64.deb
-------------------------------------------------------------------------------

[#035835 709MiB/1.4GiB(47%) CN:8 DL:3.1MiB ETA:4m7s]
 *** Download Progress Summary as of Thu Jul 16 08:22:40 2026 *** 
===============================================================================
[#035835 713MiB/1.4GiB(47%) CN:8 DL:3.3MiB ETA:3m57s]
FILE: /home/ubuntu/.cache/h100-vllm/installers/cudnn-local-repo-ubuntu2204-9.17.1_1.0-1_amd64.deb
-------------------------------------------------------------------------------

[#035835 713MiB/1.4GiB(47%) CN:8 DL:3.3MiB ETA:3m57s]
 *** Download Progress Summary as of Thu Jul 16 08:22:41 2026 *** 
===============================================================================
[#035835 716MiB/1.4GiB(47%) CN:8 DL:3.3MiB ETA:3m56s]
FILE: /home/ubuntu/.cache/h100-vllm/installers/cudnn-local-repo-ubuntu2204-9.17.1_1.0-1_amd64.deb
-------------------------------------------------------------------------------

[#035835 716MiB/1.4GiB(47%) CN:8 DL:3.3MiB ETA:3m56s]
 *** Download Progress Summary as of Thu Jul 16 08:22:42 2026 *** 
===============================================================================
[#035835 719MiB/1.4GiB(47%) CN:8 DL:3.3MiB ETA:3m53s]
FILE: /home/ubuntu/.cache/h100-vllm/installers/cudnn-local-repo-ubuntu2204-9.17.1_1.0-1_amd64.deb
-------------------------------------------------------------------------------

[#035835 719MiB/1.4GiB(47%) CN:8 DL:3.3MiB ETA:3m53s]
 *** Download Progress Summary as of Thu Jul 16 08:22:43 2026 *** 
===============================================================================
[#035835 722MiB/1.4GiB(48%) CN:8 DL:3.3MiB ETA:3m50s]
FILE: /home/ubuntu/.cache/h100-vllm/installers/cudnn-local-repo-ubuntu2204-9.17.1_1.0-1_amd64.deb
-------------------------------------------------------------------------------

[#035835 722MiB/1.4GiB(48%) CN:8 DL:3.3MiB ETA:3m50s]
 *** Download Progress Summary as of Thu Jul 16 08:22:44 2026 *** 
===============================================================================
[#035835 725MiB/1.4GiB(48%) CN:8 DL:3.2MiB ETA:3m54s]
FILE: /home/ubuntu/.cache/h100-vllm/installers/cudnn-local-repo-ubuntu2204-9.17.1_1.0-1_amd64.deb
-------------------------------------------------------------------------------

[#035835 725MiB/1.4GiB(48%) CN:8 DL:3.2MiB ETA:3m54s]
 *** Download Progress Summary as of Thu Jul 16 08:22:45 2026 *** 
===============================================================================
[#035835 728MiB/1.4GiB(48%) CN:8 DL:3.3MiB ETA:3m53s]
FILE: /home/ubuntu/.cache/h100-vllm/installers/cudnn-local-repo-ubuntu2204-9.17.1_1.0-1_amd64.deb
-------------------------------------------------------------------------------

[#035835 728MiB/1.4GiB(48%) CN:8 DL:3.3MiB ETA:3m53s]
 *** Download Progress Summary as of Thu Jul 16 08:22:46 2026 *** 
===============================================================================
[#035835 731MiB/1.4GiB(48%) CN:8 DL:3.2MiB ETA:3m56s]
FILE: /home/ubuntu/.cache/h100-vllm/installers/cudnn-local-repo-ubuntu2204-9.17.1_1.0-1_amd64.deb
-------------------------------------------------------------------------------

[#035835 731MiB/1.4GiB(48%) CN:8 DL:3.2MiB ETA:3m56s]
 *** Download Progress Summary as of Thu Jul 16 08:22:47 2026 *** 
===============================================================================
[#035835 734MiB/1.4GiB(49%) CN:8 DL:3.2MiB ETA:3m56s]
FILE: /home/ubuntu/.cache/h100-vllm/installers/cudnn-local-repo-ubuntu2204-9.17.1_1.0-1_amd64.deb
-------------------------------------------------------------------------------

[#035835 734MiB/1.4GiB(49%) CN:8 DL:3.2MiB ETA:3m56s]
 *** Download Progress Summary as of Thu Jul 16 08:22:48 2026 *** 
===============================================================================
[#035835 738MiB/1.4GiB(49%) CN:8 DL:3.2MiB ETA:3m52s]
FILE: /home/ubuntu/.cache/h100-vllm/installers/cudnn-local-repo-ubuntu2204-9.17.1_1.0-1_amd64.deb
-------------------------------------------------------------------------------

[#035835 738MiB/1.4GiB(49%) CN:8 DL:3.2MiB ETA:3m52s]
 *** Download Progress Summary as of Thu Jul 16 08:22:48 2026 *** 
===============================================================================
[#035835 743MiB/1.4GiB(49%) CN:8 DL:3.3MiB ETA:3m43s]
FILE: /home/ubuntu/.cache/h100-vllm/installers/cudnn-local-repo-ubuntu2204-9.17.1_1.0-1_amd64.deb
-------------------------------------------------------------------------------

[#035835 743MiB/1.4GiB(49%) CN:8 DL:3.3MiB ETA:3m43s]
 *** Download Progress Summary as of Thu Jul 16 08:22:49 2026 *** 
===============================================================================
[#035835 747MiB/1.4GiB(49%) CN:8 DL:3.4MiB ETA:3m35s]
FILE: /home/ubuntu/.cache/h100-vllm/installers/cudnn-local-repo-ubuntu2204-9.17.1_1.0-1_amd64.deb
-------------------------------------------------------------------------------

[#035835 747MiB/1.4GiB(49%) CN:8 DL:3.4MiB ETA:3m35s]
 *** Download Progress Summary as of Thu Jul 16 08:22:50 2026 *** 
===============================================================================
[#035835 752MiB/1.4GiB(50%) CN:8 DL:3.6MiB ETA:3m26s]
FILE: /home/ubuntu/.cache/h100-vllm/installers/cudnn-local-repo-ubuntu2204-9.17.1_1.0-1_amd64.deb
-------------------------------------------------------------------------------

[#035835 752MiB/1.4GiB(50%) CN:8 DL:3.6MiB ETA:3m26s]
 *** Download Progress Summary as of Thu Jul 16 08:22:51 2026 *** 
===============================================================================
[#035835 755MiB/1.4GiB(50%) CN:8 DL:3.6MiB ETA:3m22s]
FILE: /home/ubuntu/.cache/h100-vllm/installers/cudnn-local-repo-ubuntu2204-9.17.1_1.0-1_amd64.deb
-------------------------------------------------------------------------------

[#035835 755MiB/1.4GiB(50%) CN:8 DL:3.6MiB ETA:3m22s]
 *** Download Progress Summary as of Thu Jul 16 08:22:52 2026 *** 
===============================================================================
[#035835 760MiB/1.4GiB(50%) CN:8 DL:3.7MiB ETA:3m16s]
FILE: /home/ubuntu/.cache/h100-vllm/installers/cudnn-local-repo-ubuntu2204-9.17.1_1.0-1_amd64.deb
-------------------------------------------------------------------------------

[#035835 760MiB/1.4GiB(50%) CN:8 DL:3.7MiB ETA:3m16s]
 *** Download Progress Summary as of Thu Jul 16 08:22:53 2026 *** 
===============================================================================
[#035835 764MiB/1.4GiB(50%) CN:8 DL:3.9MiB ETA:3m7s]
FILE: /home/ubuntu/.cache/h100-vllm/installers/cudnn-local-repo-ubuntu2204-9.17.1_1.0-1_amd64.deb
-------------------------------------------------------------------------------

[#035835 764MiB/1.4GiB(50%) CN:8 DL:3.9MiB ETA:3m7s]
 *** Download Progress Summary as of Thu Jul 16 08:22:54 2026 *** 
===============================================================================
[#035835 768MiB/1.4GiB(51%) CN:8 DL:4.0MiB ETA:3m1s]
FILE: /home/ubuntu/.cache/h100-vllm/installers/cudnn-local-repo-ubuntu2204-9.17.1_1.0-1_amd64.deb
-------------------------------------------------------------------------------

[#035835 768MiB/1.4GiB(51%) CN:8 DL:4.0MiB ETA:3m1s]
 *** Download Progress Summary as of Thu Jul 16 08:22:55 2026 *** 
===============================================================================
[#035835 771MiB/1.4GiB(51%) CN:8 DL:4.0MiB ETA:2m59s]
FILE: /home/ubuntu/.cache/h100-vllm/installers/cudnn-local-repo-ubuntu2204-9.17.1_1.0-1_amd64.deb
-------------------------------------------------------------------------------

[#035835 771MiB/1.4GiB(51%) CN:8 DL:4.0MiB ETA:2m59s]
 *** Download Progress Summary as of Thu Jul 16 08:22:56 2026 *** 
===============================================================================
[#035835 773MiB/1.4GiB(51%) CN:8 DL:3.9MiB ETA:3m5s]
FILE: /home/ubuntu/.cache/h100-vllm/installers/cudnn-local-repo-ubuntu2204-9.17.1_1.0-1_amd64.deb
-------------------------------------------------------------------------------

[#035835 773MiB/1.4GiB(51%) CN:8 DL:3.9MiB ETA:3m5s]
 *** Download Progress Summary as of Thu Jul 16 08:22:57 2026 *** 
===============================================================================
[#035835 776MiB/1.4GiB(51%) CN:8 DL:3.7MiB ETA:3m13s]
FILE: /home/ubuntu/.cache/h100-vllm/installers/cudnn-local-repo-ubuntu2204-9.17.1_1.0-1_amd64.deb
-------------------------------------------------------------------------------

[#035835 776MiB/1.4GiB(51%) CN:8 DL:3.7MiB ETA:3m13s]
 *** Download Progress Summary as of Thu Jul 16 08:22:58 2026 *** 
===============================================================================
[#035835 778MiB/1.4GiB(51%) CN:8 DL:3.5MiB ETA:3m24s]
FILE: /home/ubuntu/.cache/h100-vllm/installers/cudnn-local-repo-ubuntu2204-9.17.1_1.0-1_amd64.deb
-------------------------------------------------------------------------------

[#035835 778MiB/1.4GiB(51%) CN:8 DL:3.5MiB ETA:3m24s]
 *** Download Progress Summary as of Thu Jul 16 08:22:59 2026 *** 
===============================================================================
[#035835 780MiB/1.4GiB(52%) CN:8 DL:3.3MiB ETA:3m34s]
FILE: /home/ubuntu/.cache/h100-vllm/installers/cudnn-local-repo-ubuntu2204-9.17.1_1.0-1_amd64.deb
-------------------------------------------------------------------------------

[#035835 780MiB/1.4GiB(52%) CN:8 DL:3.3MiB ETA:3m34s]
 *** Download Progress Summary as of Thu Jul 16 08:23:00 2026 *** 
===============================================================================
[#035835 783MiB/1.4GiB(52%) CN:8 DL:3.1MiB ETA:3m47s]
FILE: /home/ubuntu/.cache/h100-vllm/installers/cudnn-local-repo-ubuntu2204-9.17.1_1.0-1_amd64.deb
-------------------------------------------------------------------------------

[#035835 783MiB/1.4GiB(52%) CN:8 DL:3.1MiB ETA:3m47s]
 *** Download Progress Summary as of Thu Jul 16 08:23:01 2026 *** 
===============================================================================
[#035835 786MiB/1.4GiB(52%) CN:8 DL:3.0MiB ETA:3m56s]
FILE: /home/ubuntu/.cache/h100-vllm/installers/cudnn-local-repo-ubuntu2204-9.17.1_1.0-1_amd64.deb
-------------------------------------------------------------------------------

[#035835 786MiB/1.4GiB(52%) CN:8 DL:3.0MiB ETA:3m56s]
 *** Download Progress Summary as of Thu Jul 16 08:23:02 2026 *** 
===============================================================================
[#035835 788MiB/1.4GiB(52%) CN:8 DL:2.8MiB ETA:4m5s]
FILE: /home/ubuntu/.cache/h100-vllm/installers/cudnn-local-repo-ubuntu2204-9.17.1_1.0-1_amd64.deb
-------------------------------------------------------------------------------

[#035835 788MiB/1.4GiB(52%) CN:8 DL:2.8MiB ETA:4m5s]
 *** Download Progress Summary as of Thu Jul 16 08:23:03 2026 *** 
===============================================================================
[#035835 795MiB/1.4GiB(53%) CN:8 DL:3.1MiB ETA:3m45s]
FILE: /home/ubuntu/.cache/h100-vllm/installers/cudnn-local-repo-ubuntu2204-9.17.1_1.0-1_amd64.deb
-------------------------------------------------------------------------------

[#035835 795MiB/1.4GiB(53%) CN:8 DL:3.1MiB ETA:3m45s]
 *** Download Progress Summary as of Thu Jul 16 08:23:04 2026 *** 
===============================================================================
[#035835 805MiB/1.4GiB(53%) CN:8 DL:3.8MiB ETA:3m2s]
FILE: /home/ubuntu/.cache/h100-vllm/installers/cudnn-local-repo-ubuntu2204-9.17.1_1.0-1_amd64.deb
-------------------------------------------------------------------------------

[#035835 805MiB/1.4GiB(53%) CN:8 DL:3.8MiB ETA:3m2s]
 *** Download Progress Summary as of Thu Jul 16 08:23:05 2026 *** 
===============================================================================
[#035835 810MiB/1.4GiB(54%) CN:8 DL:3.9MiB ETA:2m54s]
FILE: /home/ubuntu/.cache/h100-vllm/installers/cudnn-local-repo-ubuntu2204-9.17.1_1.0-1_amd64.deb
-------------------------------------------------------------------------------

[#035835 810MiB/1.4GiB(54%) CN:8 DL:3.9MiB ETA:2m54s]
 *** Download Progress Summary as of Thu Jul 16 08:23:06 2026 *** 
===============================================================================
[#035835 814MiB/1.4GiB(54%) CN:8 DL:4.1MiB ETA:2m44s]
FILE: /home/ubuntu/.cache/h100-vllm/installers/cudnn-local-repo-ubuntu2204-9.17.1_1.0-1_amd64.deb
-------------------------------------------------------------------------------

[#035835 814MiB/1.4GiB(54%) CN:8 DL:4.1MiB ETA:2m44s]
 *** Download Progress Summary as of Thu Jul 16 08:23:07 2026 *** 
===============================================================================
[#035835 818MiB/1.4GiB(54%) CN:8 DL:4.3MiB ETA:2m37s]
FILE: /home/ubuntu/.cache/h100-vllm/installers/cudnn-local-repo-ubuntu2204-9.17.1_1.0-1_amd64.deb
-------------------------------------------------------------------------------

[#035835 818MiB/1.4GiB(54%) CN:8 DL:4.3MiB ETA:2m37s]
 *** Download Progress Summary as of Thu Jul 16 08:23:08 2026 *** 
===============================================================================
[#035835 822MiB/1.4GiB(54%) CN:8 DL:4.4MiB ETA:2m31s]
FILE: /home/ubuntu/.cache/h100-vllm/installers/cudnn-local-repo-ubuntu2204-9.17.1_1.0-1_amd64.deb
-------------------------------------------------------------------------------

[#035835 822MiB/1.4GiB(54%) CN:8 DL:4.4MiB ETA:2m31s]
 *** Download Progress Summary as of Thu Jul 16 08:23:09 2026 *** 
===============================================================================
[#035835 825MiB/1.4GiB(55%) CN:8 DL:4.4MiB ETA:2m30s]
FILE: /home/ubuntu/.cache/h100-vllm/installers/cudnn-local-repo-ubuntu2204-9.17.1_1.0-1_amd64.deb
-------------------------------------------------------------------------------

[#035835 825MiB/1.4GiB(55%) CN:8 DL:4.4MiB ETA:2m30s]
 *** Download Progress Summary as of Thu Jul 16 08:23:10 2026 *** 
===============================================================================
[#035835 828MiB/1.4GiB(55%) CN:8 DL:4.5MiB ETA:2m28s]
FILE: /home/ubuntu/.cache/h100-vllm/installers/cudnn-local-repo-ubuntu2204-9.17.1_1.0-1_amd64.deb
-------------------------------------------------------------------------------

[#035835 828MiB/1.4GiB(55%) CN:8 DL:4.5MiB ETA:2m28s]
 *** Download Progress Summary as of Thu Jul 16 08:23:11 2026 *** 
===============================================================================
[#035835 830MiB/1.4GiB(55%) CN:8 DL:4.4MiB ETA:2m29s]
FILE: /home/ubuntu/.cache/h100-vllm/installers/cudnn-local-repo-ubuntu2204-9.17.1_1.0-1_amd64.deb
-------------------------------------------------------------------------------

[#035835 830MiB/1.4GiB(55%) CN:8 DL:4.4MiB ETA:2m29s]
 *** Download Progress Summary as of Thu Jul 16 08:23:12 2026 *** 
===============================================================================
[#035835 833MiB/1.4GiB(55%) CN:8 DL:4.5MiB ETA:2m27s]
FILE: /home/ubuntu/.cache/h100-vllm/installers/cudnn-local-repo-ubuntu2204-9.17.1_1.0-1_amd64.deb
-------------------------------------------------------------------------------

[#035835 833MiB/1.4GiB(55%) CN:8 DL:4.5MiB ETA:2m27s]
 *** Download Progress Summary as of Thu Jul 16 08:23:13 2026 *** 
===============================================================================
[#035835 836MiB/1.4GiB(55%) CN:8 DL:3.9MiB ETA:2m47s]
FILE: /home/ubuntu/.cache/h100-vllm/installers/cudnn-local-repo-ubuntu2204-9.17.1_1.0-1_amd64.deb
-------------------------------------------------------------------------------

[#035835 836MiB/1.4GiB(55%) CN:8 DL:3.9MiB ETA:2m47s]
 *** Download Progress Summary as of Thu Jul 16 08:23:14 2026 *** 
===============================================================================
[#035835 842MiB/1.4GiB(56%) CN:8 DL:3.6MiB ETA:2m59s]
FILE: /home/ubuntu/.cache/h100-vllm/installers/cudnn-local-repo-ubuntu2204-9.17.1_1.0-1_amd64.deb
-------------------------------------------------------------------------------

[#035835 842MiB/1.4GiB(56%) CN:8 DL:3.6MiB ETA:2m59s]
 *** Download Progress Summary as of Thu Jul 16 08:23:15 2026 *** 
===============================================================================
[#035835 849MiB/1.4GiB(56%) CN:8 DL:3.9MiB ETA:2m45s]
FILE: /home/ubuntu/.cache/h100-vllm/installers/cudnn-local-repo-ubuntu2204-9.17.1_1.0-1_amd64.deb
-------------------------------------------------------------------------------

[#035835 849MiB/1.4GiB(56%) CN:8 DL:3.9MiB ETA:2m45s]
 *** Download Progress Summary as of Thu Jul 16 08:23:16 2026 *** 
===============================================================================
[#035835 857MiB/1.4GiB(57%) CN:8 DL:4.2MiB ETA:2m31s]
FILE: /home/ubuntu/.cache/h100-vllm/installers/cudnn-local-repo-ubuntu2204-9.17.1_1.0-1_amd64.deb
-------------------------------------------------------------------------------

[#035835 857MiB/1.4GiB(57%) CN:8 DL:4.2MiB ETA:2m31s]
 *** Download Progress Summary as of Thu Jul 16 08:23:17 2026 *** 
===============================================================================
[#035835 862MiB/1.4GiB(57%) CN:8 DL:4.3MiB ETA:2m24s]
FILE: /home/ubuntu/.cache/h100-vllm/installers/cudnn-local-repo-ubuntu2204-9.17.1_1.0-1_amd64.deb
-------------------------------------------------------------------------------

[#035835 862MiB/1.4GiB(57%) CN:8 DL:4.3MiB ETA:2m24s]
 *** Download Progress Summary as of Thu Jul 16 08:23:18 2026 *** 
===============================================================================
[#035835 865MiB/1.4GiB(57%) CN:8 DL:4.3MiB ETA:2m25s]
FILE: /home/ubuntu/.cache/h100-vllm/installers/cudnn-local-repo-ubuntu2204-9.17.1_1.0-1_amd64.deb
-------------------------------------------------------------------------------

[#035835 865MiB/1.4GiB(57%) CN:8 DL:4.3MiB ETA:2m25s]
 *** Download Progress Summary as of Thu Jul 16 08:23:19 2026 *** 
===============================================================================
[#035835 869MiB/1.4GiB(57%) CN:8 DL:4.4MiB ETA:2m21s]
FILE: /home/ubuntu/.cache/h100-vllm/installers/cudnn-local-repo-ubuntu2204-9.17.1_1.0-1_amd64.deb
-------------------------------------------------------------------------------

[#035835 869MiB/1.4GiB(57%) CN:8 DL:4.4MiB ETA:2m21s]
 *** Download Progress Summary as of Thu Jul 16 08:23:20 2026 *** 
===============================================================================
[#035835 872MiB/1.4GiB(58%) CN:8 DL:4.4MiB ETA:2m20s]
FILE: /home/ubuntu/.cache/h100-vllm/installers/cudnn-local-repo-ubuntu2204-9.17.1_1.0-1_amd64.deb
-------------------------------------------------------------------------------

[#035835 872MiB/1.4GiB(58%) CN:8 DL:4.4MiB ETA:2m20s]
 *** Download Progress Summary as of Thu Jul 16 08:23:21 2026 *** 
===============================================================================
[#035835 874MiB/1.4GiB(58%) CN:8 DL:4.4MiB ETA:2m20s]
FILE: /home/ubuntu/.cache/h100-vllm/installers/cudnn-local-repo-ubuntu2204-9.17.1_1.0-1_amd64.deb
-------------------------------------------------------------------------------

[#035835 874MiB/1.4GiB(58%) CN:8 DL:4.4MiB ETA:2m20s]
 *** Download Progress Summary as of Thu Jul 16 08:23:22 2026 *** 
===============================================================================
[#035835 877MiB/1.4GiB(58%) CN:8 DL:4.4MiB ETA:2m19s]
FILE: /home/ubuntu/.cache/h100-vllm/installers/cudnn-local-repo-ubuntu2204-9.17.1_1.0-1_amd64.deb
-------------------------------------------------------------------------------

[#035835 877MiB/1.4GiB(58%) CN:8 DL:4.4MiB ETA:2m19s]
 *** Download Progress Summary as of Thu Jul 16 08:23:23 2026 *** 
===============================================================================
[#035835 879MiB/1.4GiB(58%) CN:8 DL:4.2MiB ETA:2m24s]
FILE: /home/ubuntu/.cache/h100-vllm/installers/cudnn-local-repo-ubuntu2204-9.17.1_1.0-1_amd64.deb
-------------------------------------------------------------------------------

[#035835 879MiB/1.4GiB(58%) CN:8 DL:4.2MiB ETA:2m24s]
 *** Download Progress Summary as of Thu Jul 16 08:23:24 2026 *** 
===============================================================================
[#035835 882MiB/1.4GiB(58%) CN:8 DL:4.0MiB ETA:2m34s]
FILE: /home/ubuntu/.cache/h100-vllm/installers/cudnn-local-repo-ubuntu2204-9.17.1_1.0-1_amd64.deb
-------------------------------------------------------------------------------

[#035835 882MiB/1.4GiB(58%) CN:8 DL:4.0MiB ETA:2m34s]
 *** Download Progress Summary as of Thu Jul 16 08:23:25 2026 *** 
===============================================================================
[#035835 884MiB/1.4GiB(58%) CN:8 DL:3.3MiB ETA:3m2s]
FILE: /home/ubuntu/.cache/h100-vllm/installers/cudnn-local-repo-ubuntu2204-9.17.1_1.0-1_amd64.deb
-------------------------------------------------------------------------------

[#035835 884MiB/1.4GiB(58%) CN:8 DL:3.3MiB ETA:3m2s]
 *** Download Progress Summary as of Thu Jul 16 08:23:26 2026 *** 
===============================================================================
[#035835 886MiB/1.4GiB(59%) CN:8 DL:2.9MiB ETA:3m27s]
FILE: /home/ubuntu/.cache/h100-vllm/installers/cudnn-local-repo-ubuntu2204-9.17.1_1.0-1_amd64.deb
-------------------------------------------------------------------------------

[#035835 886MiB/1.4GiB(59%) CN:8 DL:2.9MiB ETA:3m27s]
 *** Download Progress Summary as of Thu Jul 16 08:23:27 2026 *** 
===============================================================================
[#035835 889MiB/1.4GiB(59%) CN:8 DL:2.6MiB ETA:3m49s]
FILE: /home/ubuntu/.cache/h100-vllm/installers/cudnn-local-repo-ubuntu2204-9.17.1_1.0-1_amd64.deb
-------------------------------------------------------------------------------

[#035835 889MiB/1.4GiB(59%) CN:8 DL:2.6MiB ETA:3m49s]
 *** Download Progress Summary as of Thu Jul 16 08:23:28 2026 *** 
===============================================================================
[#035835 892MiB/1.4GiB(59%) CN:8 DL:2.6MiB ETA:3m50s]
FILE: /home/ubuntu/.cache/h100-vllm/installers/cudnn-local-repo-ubuntu2204-9.17.1_1.0-1_amd64.deb
-------------------------------------------------------------------------------

[#035835 892MiB/1.4GiB(59%) CN:8 DL:2.6MiB ETA:3m50s]
 *** Download Progress Summary as of Thu Jul 16 08:23:29 2026 *** 
===============================================================================
[#035835 895MiB/1.4GiB(59%) CN:8 DL:2.6MiB ETA:3m48s]
FILE: /home/ubuntu/.cache/h100-vllm/installers/cudnn-local-repo-ubuntu2204-9.17.1_1.0-1_amd64.deb
-------------------------------------------------------------------------------

[#035835 895MiB/1.4GiB(59%) CN:8 DL:2.6MiB ETA:3m48s]
 *** Download Progress Summary as of Thu Jul 16 08:23:30 2026 *** 
===============================================================================
[#035835 898MiB/1.4GiB(59%) CN:8 DL:2.6MiB ETA:3m45s]
FILE: /home/ubuntu/.cache/h100-vllm/installers/cudnn-local-repo-ubuntu2204-9.17.1_1.0-1_amd64.deb
-------------------------------------------------------------------------------

[#035835 898MiB/1.4GiB(59%) CN:8 DL:2.6MiB ETA:3m45s]
 *** Download Progress Summary as of Thu Jul 16 08:23:31 2026 *** 
===============================================================================
[#035835 901MiB/1.4GiB(60%) CN:8 DL:2.6MiB ETA:3m41s]
FILE: /home/ubuntu/.cache/h100-vllm/installers/cudnn-local-repo-ubuntu2204-9.17.1_1.0-1_amd64.deb
-------------------------------------------------------------------------------

[#035835 901MiB/1.4GiB(60%) CN:8 DL:2.6MiB ETA:3m41s]
 *** Download Progress Summary as of Thu Jul 16 08:23:32 2026 *** 
===============================================================================
[#035835 903MiB/1.4GiB(60%) CN:8 DL:2.7MiB ETA:3m38s]
FILE: /home/ubuntu/.cache/h100-vllm/installers/cudnn-local-repo-ubuntu2204-9.17.1_1.0-1_amd64.deb
-------------------------------------------------------------------------------

[#035835 903MiB/1.4GiB(60%) CN:8 DL:2.7MiB ETA:3m38s]
 *** Download Progress Summary as of Thu Jul 16 08:23:33 2026 *** 
===============================================================================
[#035835 907MiB/1.4GiB(60%) CN:8 DL:2.8MiB ETA:3m29s]
FILE: /home/ubuntu/.cache/h100-vllm/installers/cudnn-local-repo-ubuntu2204-9.17.1_1.0-1_amd64.deb
-------------------------------------------------------------------------------

[#035835 907MiB/1.4GiB(60%) CN:8 DL:2.8MiB ETA:3m29s]
 *** Download Progress Summary as of Thu Jul 16 08:23:34 2026 *** 
===============================================================================
[#035835 909MiB/1.4GiB(60%) CN:8 DL:2.8MiB ETA:3m29s]
FILE: /home/ubuntu/.cache/h100-vllm/installers/cudnn-local-repo-ubuntu2204-9.17.1_1.0-1_amd64.deb
-------------------------------------------------------------------------------

[#035835 909MiB/1.4GiB(60%) CN:8 DL:2.8MiB ETA:3m29s]
 *** Download Progress Summary as of Thu Jul 16 08:23:35 2026 *** 
===============================================================================
[#035835 912MiB/1.4GiB(60%) CN:8 DL:2.8MiB ETA:3m28s]
FILE: /home/ubuntu/.cache/h100-vllm/installers/cudnn-local-repo-ubuntu2204-9.17.1_1.0-1_amd64.deb
-------------------------------------------------------------------------------

[#035835 912MiB/1.4GiB(60%) CN:8 DL:2.8MiB ETA:3m28s]
 *** Download Progress Summary as of Thu Jul 16 08:23:36 2026 *** 
===============================================================================
[#035835 915MiB/1.4GiB(61%) CN:8 DL:2.8MiB ETA:3m22s]
FILE: /home/ubuntu/.cache/h100-vllm/installers/cudnn-local-repo-ubuntu2204-9.17.1_1.0-1_amd64.deb
-------------------------------------------------------------------------------

[#035835 915MiB/1.4GiB(61%) CN:8 DL:2.8MiB ETA:3m22s]
 *** Download Progress Summary as of Thu Jul 16 08:23:37 2026 *** 
===============================================================================
[#035835 918MiB/1.4GiB(61%) CN:8 DL:2.8MiB ETA:3m22s]
FILE: /home/ubuntu/.cache/h100-vllm/installers/cudnn-local-repo-ubuntu2204-9.17.1_1.0-1_amd64.deb
-------------------------------------------------------------------------------

[#035835 918MiB/1.4GiB(61%) CN:8 DL:2.8MiB ETA:3m22s]
 *** Download Progress Summary as of Thu Jul 16 08:23:38 2026 *** 
===============================================================================
[#035835 920MiB/1.4GiB(61%) CN:8 DL:2.8MiB ETA:3m23s]
FILE: /home/ubuntu/.cache/h100-vllm/installers/cudnn-local-repo-ubuntu2204-9.17.1_1.0-1_amd64.deb
-------------------------------------------------------------------------------

[#035835 920MiB/1.4GiB(61%) CN:8 DL:2.8MiB ETA:3m23s]
 *** Download Progress Summary as of Thu Jul 16 08:23:39 2026 *** 
===============================================================================
[#035835 0.9GiB/1.4GiB(61%) CN:8 DL:2.7MiB ETA:3m26s]
FILE: /home/ubuntu/.cache/h100-vllm/installers/cudnn-local-repo-ubuntu2204-9.17.1_1.0-1_amd64.deb
-------------------------------------------------------------------------------

[#035835 0.9GiB/1.4GiB(61%) CN:8 DL:2.7MiB ETA:3m26s]
 *** Download Progress Summary as of Thu Jul 16 08:23:40 2026 *** 
===============================================================================
[#035835 0.9GiB/1.4GiB(61%) CN:8 DL:2.7MiB ETA:3m25s]
FILE: /home/ubuntu/.cache/h100-vllm/installers/cudnn-local-repo-ubuntu2204-9.17.1_1.0-1_amd64.deb
-------------------------------------------------------------------------------

[#035835 0.9GiB/1.4GiB(61%) CN:8 DL:2.7MiB ETA:3m25s]
 *** Download Progress Summary as of Thu Jul 16 08:23:41 2026 *** 
===============================================================================
[#035835 0.9GiB/1.4GiB(61%) CN:8 DL:2.7MiB ETA:3m31s]
FILE: /home/ubuntu/.cache/h100-vllm/installers/cudnn-local-repo-ubuntu2204-9.17.1_1.0-1_amd64.deb
-------------------------------------------------------------------------------

[#035835 0.9GiB/1.4GiB(61%) CN:8 DL:2.7MiB ETA:3m31s]
 *** Download Progress Summary as of Thu Jul 16 08:23:42 2026 *** 
===============================================================================
[#035835 0.9GiB/1.4GiB(62%) CN:8 DL:2.6MiB ETA:3m37s]
FILE: /home/ubuntu/.cache/h100-vllm/installers/cudnn-local-repo-ubuntu2204-9.17.1_1.0-1_amd64.deb
-------------------------------------------------------------------------------

[#035835 0.9GiB/1.4GiB(62%) CN:8 DL:2.6MiB ETA:3m37s]
 *** Download Progress Summary as of Thu Jul 16 08:23:43 2026 *** 
===============================================================================
[#035835 0.9GiB/1.4GiB(62%) CN:8 DL:2.5MiB ETA:3m44s]
FILE: /home/ubuntu/.cache/h100-vllm/installers/cudnn-local-repo-ubuntu2204-9.17.1_1.0-1_amd64.deb
-------------------------------------------------------------------------------

[#035835 0.9GiB/1.4GiB(62%) CN:8 DL:2.5MiB ETA:3m44s]
 *** Download Progress Summary as of Thu Jul 16 08:23:44 2026 *** 
===============================================================================
[#035835 0.9GiB/1.4GiB(62%) CN:8 DL:2.5MiB ETA:3m41s]
FILE: /home/ubuntu/.cache/h100-vllm/installers/cudnn-local-repo-ubuntu2204-9.17.1_1.0-1_amd64.deb
-------------------------------------------------------------------------------

[#035835 0.9GiB/1.4GiB(62%) CN:8 DL:2.5MiB ETA:3m41s]
 *** Download Progress Summary as of Thu Jul 16 08:23:45 2026 *** 
===============================================================================
[#035835 0.9GiB/1.4GiB(62%) CN:8 DL:2.5MiB ETA:3m42s]
FILE: /home/ubuntu/.cache/h100-vllm/installers/cudnn-local-repo-ubuntu2204-9.17.1_1.0-1_amd64.deb
-------------------------------------------------------------------------------

[#035835 0.9GiB/1.4GiB(62%) CN:8 DL:2.5MiB ETA:3m42s]
 *** Download Progress Summary as of Thu Jul 16 08:23:46 2026 *** 
===============================================================================
[#035835 0.9GiB/1.4GiB(62%) CN:8 DL:2.6MiB ETA:3m30s]
FILE: /home/ubuntu/.cache/h100-vllm/installers/cudnn-local-repo-ubuntu2204-9.17.1_1.0-1_amd64.deb
-------------------------------------------------------------------------------

[#035835 0.9GiB/1.4GiB(62%) CN:8 DL:2.6MiB ETA:3m30s]
 *** Download Progress Summary as of Thu Jul 16 08:23:47 2026 *** 
===============================================================================
[#035835 0.9GiB/1.4GiB(62%) CN:8 DL:2.6MiB ETA:3m26s]
FILE: /home/ubuntu/.cache/h100-vllm/installers/cudnn-local-repo-ubuntu2204-9.17.1_1.0-1_amd64.deb
-------------------------------------------------------------------------------

[#035835 0.9GiB/1.4GiB(62%) CN:8 DL:2.6MiB ETA:3m26s]
 *** Download Progress Summary as of Thu Jul 16 08:23:48 2026 *** 
===============================================================================
[#035835 0.9GiB/1.4GiB(63%) CN:8 DL:2.6MiB ETA:3m27s]
FILE: /home/ubuntu/.cache/h100-vllm/installers/cudnn-local-repo-ubuntu2204-9.17.1_1.0-1_amd64.deb
-------------------------------------------------------------------------------

[#035835 0.9GiB/1.4GiB(63%) CN:8 DL:2.6MiB ETA:3m27s]
 *** Download Progress Summary as of Thu Jul 16 08:23:49 2026 *** 
===============================================================================
[#035835 0.9GiB/1.4GiB(63%) CN:8 DL:2.6MiB ETA:3m31s]
FILE: /home/ubuntu/.cache/h100-vllm/installers/cudnn-local-repo-ubuntu2204-9.17.1_1.0-1_amd64.deb
-------------------------------------------------------------------------------

[#035835 0.9GiB/1.4GiB(63%) CN:8 DL:2.6MiB ETA:3m31s]
 *** Download Progress Summary as of Thu Jul 16 08:23:50 2026 *** 
===============================================================================
[#035835 0.9GiB/1.4GiB(63%) CN:8 DL:2.6MiB ETA:3m26s]
FILE: /home/ubuntu/.cache/h100-vllm/installers/cudnn-local-repo-ubuntu2204-9.17.1_1.0-1_amd64.deb
-------------------------------------------------------------------------------

[#035835 0.9GiB/1.4GiB(63%) CN:8 DL:2.6MiB ETA:3m26s]
 *** Download Progress Summary as of Thu Jul 16 08:23:51 2026 *** 
===============================================================================
[#035835 0.9GiB/1.4GiB(63%) CN:8 DL:2.6MiB ETA:3m27s]
FILE: /home/ubuntu/.cache/h100-vllm/installers/cudnn-local-repo-ubuntu2204-9.17.1_1.0-1_amd64.deb
-------------------------------------------------------------------------------

[#035835 0.9GiB/1.4GiB(63%) CN:8 DL:2.6MiB ETA:3m27s]
 *** Download Progress Summary as of Thu Jul 16 08:23:52 2026 *** 
===============================================================================
[#035835 0.9GiB/1.4GiB(63%) CN:8 DL:2.6MiB ETA:3m28s]
FILE: /home/ubuntu/.cache/h100-vllm/installers/cudnn-local-repo-ubuntu2204-9.17.1_1.0-1_amd64.deb
-------------------------------------------------------------------------------

[#035835 0.9GiB/1.4GiB(63%) CN:8 DL:2.6MiB ETA:3m28s]
 *** Download Progress Summary as of Thu Jul 16 08:23:53 2026 *** 
===============================================================================
[#035835 0.9GiB/1.4GiB(63%) CN:8 DL:2.5MiB ETA:3m30s]
FILE: /home/ubuntu/.cache/h100-vllm/installers/cudnn-local-repo-ubuntu2204-9.17.1_1.0-1_amd64.deb
-------------------------------------------------------------------------------

[#035835 0.9GiB/1.4GiB(63%) CN:8 DL:2.5MiB ETA:3m30s]
 *** Download Progress Summary as of Thu Jul 16 08:23:54 2026 *** 
===============================================================================
[#035835 0.9GiB/1.4GiB(63%) CN:8 DL:2.4MiB ETA:3m39s]
FILE: /home/ubuntu/.cache/h100-vllm/installers/cudnn-local-repo-ubuntu2204-9.17.1_1.0-1_amd64.deb
-------------------------------------------------------------------------------

[#035835 0.9GiB/1.4GiB(63%) CN:8 DL:2.4MiB ETA:3m39s]
 *** Download Progress Summary as of Thu Jul 16 08:23:55 2026 *** 
===============================================================================
[#035835 0.9GiB/1.4GiB(64%) CN:8 DL:2.2MiB ETA:3m56s]
FILE: /home/ubuntu/.cache/h100-vllm/installers/cudnn-local-repo-ubuntu2204-9.17.1_1.0-1_amd64.deb
-------------------------------------------------------------------------------

[#035835 0.9GiB/1.4GiB(64%) CN:8 DL:2.2MiB ETA:3m56s]
 *** Download Progress Summary as of Thu Jul 16 08:23:56 2026 *** 
===============================================================================
[#035835 0.9GiB/1.4GiB(64%) CN:8 DL:2.2MiB ETA:3m57s]
FILE: /home/ubuntu/.cache/h100-vllm/installers/cudnn-local-repo-ubuntu2204-9.17.1_1.0-1_amd64.deb
-------------------------------------------------------------------------------

[#035835 0.9GiB/1.4GiB(64%) CN:8 DL:2.2MiB ETA:3m57s]
 *** Download Progress Summary as of Thu Jul 16 08:23:57 2026 *** 
===============================================================================
[#035835 0.9GiB/1.4GiB(64%) CN:8 DL:2.3MiB ETA:3m51s]
FILE: /home/ubuntu/.cache/h100-vllm/installers/cudnn-local-repo-ubuntu2204-9.17.1_1.0-1_amd64.deb
-------------------------------------------------------------------------------

[#035835 0.9GiB/1.4GiB(64%) CN:8 DL:2.3MiB ETA:3m51s]
 *** Download Progress Summary as of Thu Jul 16 08:23:58 2026 *** 
===============================================================================
[#035835 0.9GiB/1.4GiB(64%) CN:8 DL:2.3MiB ETA:3m42s]
FILE: /home/ubuntu/.cache/h100-vllm/installers/cudnn-local-repo-ubuntu2204-9.17.1_1.0-1_amd64.deb
-------------------------------------------------------------------------------

[#035835 0.9GiB/1.4GiB(64%) CN:8 DL:2.3MiB ETA:3m42s]
 *** Download Progress Summary as of Thu Jul 16 08:23:59 2026 *** 
===============================================================================
[#035835 0.9GiB/1.4GiB(64%) CN:8 DL:2.4MiB ETA:3m35s]
FILE: /home/ubuntu/.cache/h100-vllm/installers/cudnn-local-repo-ubuntu2204-9.17.1_1.0-1_amd64.deb
-------------------------------------------------------------------------------

[#035835 0.9GiB/1.4GiB(64%) CN:8 DL:2.4MiB ETA:3m35s]
 *** Download Progress Summary as of Thu Jul 16 08:24:00 2026 *** 
===============================================================================
[#035835 0.9GiB/1.4GiB(65%) CN:8 DL:2.5MiB ETA:3m24s]
FILE: /home/ubuntu/.cache/h100-vllm/installers/cudnn-local-repo-ubuntu2204-9.17.1_1.0-1_amd64.deb
-------------------------------------------------------------------------------

[#035835 0.9GiB/1.4GiB(65%) CN:8 DL:2.5MiB ETA:3m24s]
 *** Download Progress Summary as of Thu Jul 16 08:24:01 2026 *** 
===============================================================================
[#035835 0.9GiB/1.4GiB(65%) CN:8 DL:2.6MiB ETA:3m16s]
FILE: /home/ubuntu/.cache/h100-vllm/installers/cudnn-local-repo-ubuntu2204-9.17.1_1.0-1_amd64.deb
-------------------------------------------------------------------------------

[#035835 0.9GiB/1.4GiB(65%) CN:8 DL:2.6MiB ETA:3m16s]
 *** Download Progress Summary as of Thu Jul 16 08:24:02 2026 *** 
===============================================================================
[#035835 0.9GiB/1.4GiB(65%) CN:8 DL:2.7MiB ETA:3m7s]
FILE: /home/ubuntu/.cache/h100-vllm/installers/cudnn-local-repo-ubuntu2204-9.17.1_1.0-1_amd64.deb
-------------------------------------------------------------------------------

[#035835 0.9GiB/1.4GiB(65%) CN:8 DL:2.7MiB ETA:3m7s]
 *** Download Progress Summary as of Thu Jul 16 08:24:03 2026 *** 
===============================================================================
[#035835 0.9GiB/1.4GiB(65%) CN:8 DL:2.8MiB ETA:2m58s]
FILE: /home/ubuntu/.cache/h100-vllm/installers/cudnn-local-repo-ubuntu2204-9.17.1_1.0-1_amd64.deb
-------------------------------------------------------------------------------

[#035835 0.9GiB/1.4GiB(65%) CN:8 DL:2.8MiB ETA:2m58s]
 *** Download Progress Summary as of Thu Jul 16 08:24:04 2026 *** 
===============================================================================
[#035835 0.9GiB/1.4GiB(65%) CN:8 DL:2.9MiB ETA:2m52s]
FILE: /home/ubuntu/.cache/h100-vllm/installers/cudnn-local-repo-ubuntu2204-9.17.1_1.0-1_amd64.deb
-------------------------------------------------------------------------------

[#035835 0.9GiB/1.4GiB(65%) CN:8 DL:2.9MiB ETA:2m52s]
 *** Download Progress Summary as of Thu Jul 16 08:24:05 2026 *** 
===============================================================================
[#035835 0.9GiB/1.4GiB(66%) CN:8 DL:2.9MiB ETA:2m52s]
FILE: /home/ubuntu/.cache/h100-vllm/installers/cudnn-local-repo-ubuntu2204-9.17.1_1.0-1_amd64.deb
-------------------------------------------------------------------------------

[#035835 0.9GiB/1.4GiB(66%) CN:8 DL:2.9MiB ETA:2m52s]
 *** Download Progress Summary as of Thu Jul 16 08:24:06 2026 *** 
===============================================================================
[#035835 0.9GiB/1.4GiB(66%) CN:8 DL:2.9MiB ETA:2m53s]
FILE: /home/ubuntu/.cache/h100-vllm/installers/cudnn-local-repo-ubuntu2204-9.17.1_1.0-1_amd64.deb
-------------------------------------------------------------------------------

[#035835 0.9GiB/1.4GiB(66%) CN:8 DL:2.9MiB ETA:2m53s]
 *** Download Progress Summary as of Thu Jul 16 08:24:07 2026 *** 
===============================================================================
[#035835 0.9GiB/1.4GiB(66%) CN:8 DL:2.9MiB ETA:2m52s]
FILE: /home/ubuntu/.cache/h100-vllm/installers/cudnn-local-repo-ubuntu2204-9.17.1_1.0-1_amd64.deb
-------------------------------------------------------------------------------

[#035835 0.9GiB/1.4GiB(66%) CN:8 DL:2.9MiB ETA:2m52s]
 *** Download Progress Summary as of Thu Jul 16 08:24:08 2026 *** 
===============================================================================
[#035835 0.9GiB/1.4GiB(66%) CN:8 DL:2.9MiB ETA:2m46s]
FILE: /home/ubuntu/.cache/h100-vllm/installers/cudnn-local-repo-ubuntu2204-9.17.1_1.0-1_amd64.deb
-------------------------------------------------------------------------------

[#035835 0.9GiB/1.4GiB(66%) CN:8 DL:2.9MiB ETA:2m46s]
 *** Download Progress Summary as of Thu Jul 16 08:24:09 2026 *** 
===============================================================================
[#035835 0.9GiB/1.4GiB(66%) CN:8 DL:3.0MiB ETA:2m43s]
FILE: /home/ubuntu/.cache/h100-vllm/installers/cudnn-local-repo-ubuntu2204-9.17.1_1.0-1_amd64.deb
-------------------------------------------------------------------------------

[#035835 0.9GiB/1.4GiB(66%) CN:8 DL:3.0MiB ETA:2m43s]
 *** Download Progress Summary as of Thu Jul 16 08:24:10 2026 *** 
===============================================================================
[#035835 0.9GiB/1.4GiB(67%) CN:8 DL:3.0MiB ETA:2m39s]
FILE: /home/ubuntu/.cache/h100-vllm/installers/cudnn-local-repo-ubuntu2204-9.17.1_1.0-1_amd64.deb
-------------------------------------------------------------------------------

[#035835 0.9GiB/1.4GiB(67%) CN:8 DL:3.0MiB ETA:2m39s]
 *** Download Progress Summary as of Thu Jul 16 08:24:11 2026 *** 
===============================================================================
[#035835 0.9GiB/1.4GiB(67%) CN:8 DL:3.0MiB ETA:2m39s]
FILE: /home/ubuntu/.cache/h100-vllm/installers/cudnn-local-repo-ubuntu2204-9.17.1_1.0-1_amd64.deb
-------------------------------------------------------------------------------

[#035835 0.9GiB/1.4GiB(67%) CN:8 DL:3.0MiB ETA:2m39s]
 *** Download Progress Summary as of Thu Jul 16 08:24:12 2026 *** 
===============================================================================
[#035835 0.9GiB/1.4GiB(67%) CN:8 DL:3.1MiB ETA:2m32s]
FILE: /home/ubuntu/.cache/h100-vllm/installers/cudnn-local-repo-ubuntu2204-9.17.1_1.0-1_amd64.deb
-------------------------------------------------------------------------------

[#035835 0.9GiB/1.4GiB(67%) CN:8 DL:3.1MiB ETA:2m32s]
 *** Download Progress Summary as of Thu Jul 16 08:24:13 2026 *** 
===============================================================================
[#035835 0.9GiB/1.4GiB(67%) CN:8 DL:3.2MiB ETA:2m26s]
FILE: /home/ubuntu/.cache/h100-vllm/installers/cudnn-local-repo-ubuntu2204-9.17.1_1.0-1_amd64.deb
-------------------------------------------------------------------------------

[#035835 0.9GiB/1.4GiB(67%) CN:8 DL:3.2MiB ETA:2m26s]
 *** Download Progress Summary as of Thu Jul 16 08:24:14 2026 *** 
===============================================================================
[#035835 0.9GiB/1.4GiB(68%) CN:8 DL:3.3MiB ETA:2m21s]
FILE: /home/ubuntu/.cache/h100-vllm/installers/cudnn-local-repo-ubuntu2204-9.17.1_1.0-1_amd64.deb
-------------------------------------------------------------------------------

[#035835 0.9GiB/1.4GiB(68%) CN:8 DL:3.3MiB ETA:2m21s]
 *** Download Progress Summary as of Thu Jul 16 08:24:15 2026 *** 
===============================================================================
[#035835 1.0GiB/1.4GiB(68%) CN:8 DL:3.4MiB ETA:2m15s]
FILE: /home/ubuntu/.cache/h100-vllm/installers/cudnn-local-repo-ubuntu2204-9.17.1_1.0-1_amd64.deb
-------------------------------------------------------------------------------

[#035835 1.0GiB/1.4GiB(68%) CN:8 DL:3.4MiB ETA:2m15s]
 *** Download Progress Summary as of Thu Jul 16 08:24:16 2026 *** 
===============================================================================
[#035835 1.0GiB/1.4GiB(68%) CN:8 DL:3.5MiB ETA:2m12s]
FILE: /home/ubuntu/.cache/h100-vllm/installers/cudnn-local-repo-ubuntu2204-9.17.1_1.0-1_amd64.deb
-------------------------------------------------------------------------------

[#035835 1.0GiB/1.4GiB(68%) CN:8 DL:3.5MiB ETA:2m12s]
 *** Download Progress Summary as of Thu Jul 16 08:24:17 2026 *** 
===============================================================================
[#035835 1.0GiB/1.4GiB(68%) CN:8 DL:3.5MiB ETA:2m11s]
FILE: /home/ubuntu/.cache/h100-vllm/installers/cudnn-local-repo-ubuntu2204-9.17.1_1.0-1_amd64.deb
-------------------------------------------------------------------------------

[#035835 1.0GiB/1.4GiB(68%) CN:8 DL:3.5MiB ETA:2m11s]
 *** Download Progress Summary as of Thu Jul 16 08:24:18 2026 *** 
===============================================================================
[#035835 1.0GiB/1.4GiB(69%) CN:8 DL:3.5MiB ETA:2m11s]
FILE: /home/ubuntu/.cache/h100-vllm/installers/cudnn-local-repo-ubuntu2204-9.17.1_1.0-1_amd64.deb
-------------------------------------------------------------------------------

[#035835 1.0GiB/1.4GiB(69%) CN:8 DL:3.5MiB ETA:2m11s]
 *** Download Progress Summary as of Thu Jul 16 08:24:19 2026 *** 
===============================================================================
[#035835 1.0GiB/1.4GiB(69%) CN:8 DL:3.5MiB ETA:2m8s]
FILE: /home/ubuntu/.cache/h100-vllm/installers/cudnn-local-repo-ubuntu2204-9.17.1_1.0-1_amd64.deb
-------------------------------------------------------------------------------

[#035835 1.0GiB/1.4GiB(69%) CN:8 DL:3.5MiB ETA:2m8s]
 *** Download Progress Summary as of Thu Jul 16 08:24:20 2026 *** 
===============================================================================
[#035835 1.0GiB/1.4GiB(69%) CN:8 DL:3.7MiB ETA:2m1s]
FILE: /home/ubuntu/.cache/h100-vllm/installers/cudnn-local-repo-ubuntu2204-9.17.1_1.0-1_amd64.deb
-------------------------------------------------------------------------------

[#035835 1.0GiB/1.4GiB(69%) CN:8 DL:3.7MiB ETA:2m1s]
 *** Download Progress Summary as of Thu Jul 16 08:24:21 2026 *** 
===============================================================================
[#035835 1.0GiB/1.4GiB(69%) CN:8 DL:3.8MiB ETA:1m57s]
FILE: /home/ubuntu/.cache/h100-vllm/installers/cudnn-local-repo-ubuntu2204-9.17.1_1.0-1_amd64.deb
-------------------------------------------------------------------------------

[#035835 1.0GiB/1.4GiB(69%) CN:8 DL:3.8MiB ETA:1m57s]
 *** Download Progress Summary as of Thu Jul 16 08:24:22 2026 *** 
===============================================================================
[#035835 1.0GiB/1.4GiB(70%) CN:8 DL:4.0MiB ETA:1m51s]
FILE: /home/ubuntu/.cache/h100-vllm/installers/cudnn-local-repo-ubuntu2204-9.17.1_1.0-1_amd64.deb
-------------------------------------------------------------------------------

[#035835 1.0GiB/1.4GiB(70%) CN:8 DL:4.0MiB ETA:1m51s]
 *** Download Progress Summary as of Thu Jul 16 08:24:23 2026 *** 
===============================================================================
[#035835 1.0GiB/1.4GiB(70%) CN:8 DL:4.1MiB ETA:1m46s]
FILE: /home/ubuntu/.cache/h100-vllm/installers/cudnn-local-repo-ubuntu2204-9.17.1_1.0-1_amd64.deb
-------------------------------------------------------------------------------

[#035835 1.0GiB/1.4GiB(70%) CN:8 DL:4.1MiB ETA:1m46s]
 *** Download Progress Summary as of Thu Jul 16 08:24:24 2026 *** 
===============================================================================
[#035835 1.0GiB/1.4GiB(70%) CN:8 DL:4.3MiB ETA:1m40s]
FILE: /home/ubuntu/.cache/h100-vllm/installers/cudnn-local-repo-ubuntu2204-9.17.1_1.0-1_amd64.deb
-------------------------------------------------------------------------------

[#035835 1.0GiB/1.4GiB(70%) CN:8 DL:4.3MiB ETA:1m40s]
 *** Download Progress Summary as of Thu Jul 16 08:24:25 2026 *** 
===============================================================================
[#035835 1.0GiB/1.4GiB(71%) CN:8 DL:4.4MiB ETA:1m36s]
FILE: /home/ubuntu/.cache/h100-vllm/installers/cudnn-local-repo-ubuntu2204-9.17.1_1.0-1_amd64.deb
-------------------------------------------------------------------------------

[#035835 1.0GiB/1.4GiB(71%) CN:8 DL:4.4MiB ETA:1m36s]
 *** Download Progress Summary as of Thu Jul 16 08:24:26 2026 *** 
===============================================================================
[#035835 1.0GiB/1.4GiB(71%) CN:8 DL:4.6MiB ETA:1m32s]
FILE: /home/ubuntu/.cache/h100-vllm/installers/cudnn-local-repo-ubuntu2204-9.17.1_1.0-1_amd64.deb
-------------------------------------------------------------------------------

[#035835 1.0GiB/1.4GiB(71%) CN:8 DL:4.6MiB ETA:1m32s]
 *** Download Progress Summary as of Thu Jul 16 08:24:27 2026 *** 
===============================================================================
[#035835 1.0GiB/1.4GiB(71%) CN:8 DL:4.7MiB ETA:1m29s]
FILE: /home/ubuntu/.cache/h100-vllm/installers/cudnn-local-repo-ubuntu2204-9.17.1_1.0-1_amd64.deb
-------------------------------------------------------------------------------

[#035835 1.0GiB/1.4GiB(71%) CN:8 DL:4.7MiB ETA:1m29s]
 *** Download Progress Summary as of Thu Jul 16 08:24:28 2026 *** 
===============================================================================
[#035835 1.0GiB/1.4GiB(72%) CN:8 DL:4.7MiB ETA:1m27s]
FILE: /home/ubuntu/.cache/h100-vllm/installers/cudnn-local-repo-ubuntu2204-9.17.1_1.0-1_amd64.deb
-------------------------------------------------------------------------------

[#035835 1.0GiB/1.4GiB(72%) CN:8 DL:4.7MiB ETA:1m27s]
 *** Download Progress Summary as of Thu Jul 16 08:24:29 2026 *** 
===============================================================================
[#035835 1.0GiB/1.4GiB(72%) CN:8 DL:4.7MiB ETA:1m27s]
FILE: /home/ubuntu/.cache/h100-vllm/installers/cudnn-local-repo-ubuntu2204-9.17.1_1.0-1_amd64.deb
-------------------------------------------------------------------------------

[#035835 1.0GiB/1.4GiB(72%) CN:8 DL:4.7MiB ETA:1m27s]
 *** Download Progress Summary as of Thu Jul 16 08:24:30 2026 *** 
===============================================================================
[#035835 1.0GiB/1.4GiB(72%) CN:8 DL:4.5MiB ETA:1m29s]
FILE: /home/ubuntu/.cache/h100-vllm/installers/cudnn-local-repo-ubuntu2204-9.17.1_1.0-1_amd64.deb
-------------------------------------------------------------------------------

[#035835 1.0GiB/1.4GiB(72%) CN:8 DL:4.5MiB ETA:1m29s]
 *** Download Progress Summary as of Thu Jul 16 08:24:31 2026 *** 
===============================================================================
[#035835 1.0GiB/1.4GiB(72%) CN:8 DL:4.4MiB ETA:1m30s]
FILE: /home/ubuntu/.cache/h100-vllm/installers/cudnn-local-repo-ubuntu2204-9.17.1_1.0-1_amd64.deb
-------------------------------------------------------------------------------

[#035835 1.0GiB/1.4GiB(72%) CN:8 DL:4.4MiB ETA:1m30s]
 *** Download Progress Summary as of Thu Jul 16 08:24:32 2026 *** 
===============================================================================
[#035835 1.0GiB/1.4GiB(73%) CN:8 DL:4.2MiB ETA:1m35s]
FILE: /home/ubuntu/.cache/h100-vllm/installers/cudnn-local-repo-ubuntu2204-9.17.1_1.0-1_amd64.deb
-------------------------------------------------------------------------------

[#035835 1.0GiB/1.4GiB(73%) CN:8 DL:4.2MiB ETA:1m35s]
 *** Download Progress Summary as of Thu Jul 16 08:24:33 2026 *** 
===============================================================================
[#035835 1.0GiB/1.4GiB(73%) CN:8 DL:4.0MiB ETA:1m39s]
FILE: /home/ubuntu/.cache/h100-vllm/installers/cudnn-local-repo-ubuntu2204-9.17.1_1.0-1_amd64.deb
-------------------------------------------------------------------------------

[#035835 1.0GiB/1.4GiB(73%) CN:8 DL:4.0MiB ETA:1m39s]
 *** Download Progress Summary as of Thu Jul 16 08:24:34 2026 *** 
===============================================================================
[#035835 1.0GiB/1.4GiB(73%) CN:8 DL:3.6MiB ETA:1m48s]
FILE: /home/ubuntu/.cache/h100-vllm/installers/cudnn-local-repo-ubuntu2204-9.17.1_1.0-1_amd64.deb
-------------------------------------------------------------------------------

[#035835 1.0GiB/1.4GiB(73%) CN:8 DL:3.6MiB ETA:1m48s]
 *** Download Progress Summary as of Thu Jul 16 08:24:35 2026 *** 
===============================================================================
[#035835 1.0GiB/1.4GiB(73%) CN:8 DL:3.5MiB ETA:1m52s]
FILE: /home/ubuntu/.cache/h100-vllm/installers/cudnn-local-repo-ubuntu2204-9.17.1_1.0-1_amd64.deb
-------------------------------------------------------------------------------

[#035835 1.0GiB/1.4GiB(73%) CN:8 DL:3.5MiB ETA:1m52s]
 *** Download Progress Summary as of Thu Jul 16 08:24:36 2026 *** 
===============================================================================
[#035835 1.0GiB/1.4GiB(73%) CN:8 DL:3.2MiB ETA:1m59s]
FILE: /home/ubuntu/.cache/h100-vllm/installers/cudnn-local-repo-ubuntu2204-9.17.1_1.0-1_amd64.deb
-------------------------------------------------------------------------------

[#035835 1.0GiB/1.4GiB(73%) CN:8 DL:3.2MiB ETA:1m59s]
 *** Download Progress Summary as of Thu Jul 16 08:24:37 2026 *** 
===============================================================================
[#035835 1.0GiB/1.4GiB(74%) CN:8 DL:3.1MiB ETA:2m2s]
FILE: /home/ubuntu/.cache/h100-vllm/installers/cudnn-local-repo-ubuntu2204-9.17.1_1.0-1_amd64.deb
-------------------------------------------------------------------------------

[#035835 1.0GiB/1.4GiB(74%) CN:8 DL:3.1MiB ETA:2m2s]
 *** Download Progress Summary as of Thu Jul 16 08:24:38 2026 *** 
===============================================================================
[#035835 1.0GiB/1.4GiB(74%) CN:8 DL:3.0MiB ETA:2m5s]
FILE: /home/ubuntu/.cache/h100-vllm/installers/cudnn-local-repo-ubuntu2204-9.17.1_1.0-1_amd64.deb
-------------------------------------------------------------------------------

[#035835 1.0GiB/1.4GiB(74%) CN:8 DL:3.0MiB ETA:2m5s]
 *** Download Progress Summary as of Thu Jul 16 08:24:39 2026 *** 
===============================================================================
[#035835 1.0GiB/1.4GiB(74%) CN:8 DL:3.0MiB ETA:2m6s]
FILE: /home/ubuntu/.cache/h100-vllm/installers/cudnn-local-repo-ubuntu2204-9.17.1_1.0-1_amd64.deb
-------------------------------------------------------------------------------

[#035835 1.0GiB/1.4GiB(74%) CN:8 DL:3.0MiB ETA:2m6s]
 *** Download Progress Summary as of Thu Jul 16 08:24:40 2026 *** 
===============================================================================
[#035835 1.0GiB/1.4GiB(74%) CN:8 DL:3.1MiB ETA:2m1s]
FILE: /home/ubuntu/.cache/h100-vllm/installers/cudnn-local-repo-ubuntu2204-9.17.1_1.0-1_amd64.deb
-------------------------------------------------------------------------------

[#035835 1.0GiB/1.4GiB(74%) CN:8 DL:3.1MiB ETA:2m1s]
 *** Download Progress Summary as of Thu Jul 16 08:24:41 2026 *** 
===============================================================================
[#035835 1.0GiB/1.4GiB(75%) CN:8 DL:3.2MiB ETA:1m54s]
FILE: /home/ubuntu/.cache/h100-vllm/installers/cudnn-local-repo-ubuntu2204-9.17.1_1.0-1_amd64.deb
-------------------------------------------------------------------------------

[#035835 1.0GiB/1.4GiB(75%) CN:8 DL:3.2MiB ETA:1m54s]
 *** Download Progress Summary as of Thu Jul 16 08:24:42 2026 *** 
===============================================================================
[#035835 1.1GiB/1.4GiB(75%) CN:8 DL:3.4MiB ETA:1m47s]
FILE: /home/ubuntu/.cache/h100-vllm/installers/cudnn-local-repo-ubuntu2204-9.17.1_1.0-1_amd64.deb
-------------------------------------------------------------------------------

[#035835 1.1GiB/1.4GiB(75%) CN:8 DL:3.4MiB ETA:1m47s]
 *** Download Progress Summary as of Thu Jul 16 08:24:43 2026 *** 
===============================================================================
[#035835 1.1GiB/1.4GiB(75%) CN:8 DL:3.5MiB ETA:1m43s]
FILE: /home/ubuntu/.cache/h100-vllm/installers/cudnn-local-repo-ubuntu2204-9.17.1_1.0-1_amd64.deb
-------------------------------------------------------------------------------

[#035835 1.1GiB/1.4GiB(75%) CN:8 DL:3.5MiB ETA:1m43s]
 *** Download Progress Summary as of Thu Jul 16 08:24:44 2026 *** 
===============================================================================
[#035835 1.1GiB/1.4GiB(75%) CN:8 DL:3.6MiB ETA:1m38s]
FILE: /home/ubuntu/.cache/h100-vllm/installers/cudnn-local-repo-ubuntu2204-9.17.1_1.0-1_amd64.deb
-------------------------------------------------------------------------------

[#035835 1.1GiB/1.4GiB(75%) CN:8 DL:3.6MiB ETA:1m38s]
 *** Download Progress Summary as of Thu Jul 16 08:24:45 2026 *** 
===============================================================================
[#035835 1.1GiB/1.4GiB(76%) CN:8 DL:3.7MiB ETA:1m34s]
FILE: /home/ubuntu/.cache/h100-vllm/installers/cudnn-local-repo-ubuntu2204-9.17.1_1.0-1_amd64.deb
-------------------------------------------------------------------------------

[#035835 1.1GiB/1.4GiB(76%) CN:8 DL:3.7MiB ETA:1m34s]
 *** Download Progress Summary as of Thu Jul 16 08:24:46 2026 *** 
===============================================================================
[#035835 1.1GiB/1.4GiB(76%) CN:8 DL:3.9MiB ETA:1m30s]
FILE: /home/ubuntu/.cache/h100-vllm/installers/cudnn-local-repo-ubuntu2204-9.17.1_1.0-1_amd64.deb
-------------------------------------------------------------------------------

[#035835 1.1GiB/1.4GiB(76%) CN:8 DL:3.9MiB ETA:1m30s]
 *** Download Progress Summary as of Thu Jul 16 08:24:47 2026 *** 
===============================================================================
[#035835 1.1GiB/1.4GiB(76%) CN:8 DL:4.0MiB ETA:1m26s]
FILE: /home/ubuntu/.cache/h100-vllm/installers/cudnn-local-repo-ubuntu2204-9.17.1_1.0-1_amd64.deb
-------------------------------------------------------------------------------

[#035835 1.1GiB/1.4GiB(76%) CN:8 DL:4.0MiB ETA:1m26s]
 *** Download Progress Summary as of Thu Jul 16 08:24:48 2026 *** 
===============================================================================
[#035835 1.1GiB/1.4GiB(76%) CN:8 DL:4.1MiB ETA:1m23s]
FILE: /home/ubuntu/.cache/h100-vllm/installers/cudnn-local-repo-ubuntu2204-9.17.1_1.0-1_amd64.deb
-------------------------------------------------------------------------------

[#035835 1.1GiB/1.4GiB(76%) CN:8 DL:4.1MiB ETA:1m23s]
 *** Download Progress Summary as of Thu Jul 16 08:24:49 2026 *** 
===============================================================================
[#035835 1.1GiB/1.4GiB(77%) CN:8 DL:4.1MiB ETA:1m21s]
FILE: /home/ubuntu/.cache/h100-vllm/installers/cudnn-local-repo-ubuntu2204-9.17.1_1.0-1_amd64.deb
-------------------------------------------------------------------------------

[#035835 1.1GiB/1.4GiB(77%) CN:8 DL:4.1MiB ETA:1m21s]
 *** Download Progress Summary as of Thu Jul 16 08:24:50 2026 *** 
===============================================================================
[#035835 1.1GiB/1.4GiB(77%) CN:8 DL:4.1MiB ETA:1m21s]
FILE: /home/ubuntu/.cache/h100-vllm/installers/cudnn-local-repo-ubuntu2204-9.17.1_1.0-1_amd64.deb
-------------------------------------------------------------------------------

[#035835 1.1GiB/1.4GiB(77%) CN:8 DL:4.1MiB ETA:1m21s]
 *** Download Progress Summary as of Thu Jul 16 08:24:51 2026 *** 
===============================================================================
[#035835 1.1GiB/1.4GiB(77%) CN:8 DL:4.0MiB ETA:1m22s]
FILE: /home/ubuntu/.cache/h100-vllm/installers/cudnn-local-repo-ubuntu2204-9.17.1_1.0-1_amd64.deb
-------------------------------------------------------------------------------

[#035835 1.1GiB/1.4GiB(77%) CN:8 DL:4.0MiB ETA:1m22s]
 *** Download Progress Summary as of Thu Jul 16 08:24:52 2026 *** 
===============================================================================
[#035835 1.1GiB/1.4GiB(77%) CN:8 DL:3.9MiB ETA:1m24s]
FILE: /home/ubuntu/.cache/h100-vllm/installers/cudnn-local-repo-ubuntu2204-9.17.1_1.0-1_amd64.deb
-------------------------------------------------------------------------------

[#035835 1.1GiB/1.4GiB(77%) CN:8 DL:3.9MiB ETA:1m24s]
 *** Download Progress Summary as of Thu Jul 16 08:24:53 2026 *** 
===============================================================================
[#035835 1.1GiB/1.4GiB(78%) CN:8 DL:3.8MiB ETA:1m26s]
FILE: /home/ubuntu/.cache/h100-vllm/installers/cudnn-local-repo-ubuntu2204-9.17.1_1.0-1_amd64.deb
-------------------------------------------------------------------------------

[#035835 1.1GiB/1.4GiB(78%) CN:8 DL:3.8MiB ETA:1m26s]
 *** Download Progress Summary as of Thu Jul 16 08:24:54 2026 *** 
===============================================================================
[#035835 1.1GiB/1.4GiB(78%) CN:8 DL:3.7MiB ETA:1m26s]
FILE: /home/ubuntu/.cache/h100-vllm/installers/cudnn-local-repo-ubuntu2204-9.17.1_1.0-1_amd64.deb
-------------------------------------------------------------------------------

[#035835 1.1GiB/1.4GiB(78%) CN:8 DL:3.7MiB ETA:1m26s]
 *** Download Progress Summary as of Thu Jul 16 08:24:55 2026 *** 
===============================================================================
[#035835 1.1GiB/1.4GiB(78%) CN:8 DL:3.7MiB ETA:1m26s]
FILE: /home/ubuntu/.cache/h100-vllm/installers/cudnn-local-repo-ubuntu2204-9.17.1_1.0-1_amd64.deb
-------------------------------------------------------------------------------

[#035835 1.1GiB/1.4GiB(78%) CN:8 DL:3.7MiB ETA:1m26s]
 *** Download Progress Summary as of Thu Jul 16 08:24:56 2026 *** 
===============================================================================
[#035835 1.1GiB/1.4GiB(78%) CN:8 DL:3.6MiB ETA:1m26s]
FILE: /home/ubuntu/.cache/h100-vllm/installers/cudnn-local-repo-ubuntu2204-9.17.1_1.0-1_amd64.deb
-------------------------------------------------------------------------------

[#035835 1.1GiB/1.4GiB(78%) CN:8 DL:3.6MiB ETA:1m26s]
 *** Download Progress Summary as of Thu Jul 16 08:24:57 2026 *** 
===============================================================================
[#035835 1.1GiB/1.4GiB(79%) CN:8 DL:3.6MiB ETA:1m27s]
FILE: /home/ubuntu/.cache/h100-vllm/installers/cudnn-local-repo-ubuntu2204-9.17.1_1.0-1_amd64.deb
-------------------------------------------------------------------------------

[#035835 1.1GiB/1.4GiB(79%) CN:8 DL:3.6MiB ETA:1m27s]
 *** Download Progress Summary as of Thu Jul 16 08:24:58 2026 *** 
===============================================================================
[#035835 1.1GiB/1.4GiB(79%) CN:8 DL:3.5MiB ETA:1m26s]
FILE: /home/ubuntu/.cache/h100-vllm/installers/cudnn-local-repo-ubuntu2204-9.17.1_1.0-1_amd64.deb
-------------------------------------------------------------------------------

[#035835 1.1GiB/1.4GiB(79%) CN:8 DL:3.5MiB ETA:1m26s]
 *** Download Progress Summary as of Thu Jul 16 08:24:59 2026 *** 
===============================================================================
[#035835 1.1GiB/1.4GiB(79%) CN:8 DL:3.5MiB ETA:1m25s]
FILE: /home/ubuntu/.cache/h100-vllm/installers/cudnn-local-repo-ubuntu2204-9.17.1_1.0-1_amd64.deb
-------------------------------------------------------------------------------

[#035835 1.1GiB/1.4GiB(79%) CN:8 DL:3.5MiB ETA:1m25s]
 *** Download Progress Summary as of Thu Jul 16 08:25:00 2026 *** 
===============================================================================
[#035835 1.1GiB/1.4GiB(79%) CN:8 DL:3.6MiB ETA:1m23s]
FILE: /home/ubuntu/.cache/h100-vllm/installers/cudnn-local-repo-ubuntu2204-9.17.1_1.0-1_amd64.deb
-------------------------------------------------------------------------------

[#035835 1.1GiB/1.4GiB(79%) CN:8 DL:3.6MiB ETA:1m23s]
 *** Download Progress Summary as of Thu Jul 16 08:25:01 2026 *** 
===============================================================================
[#035835 1.1GiB/1.4GiB(80%) CN:8 DL:3.6MiB ETA:1m21s]
FILE: /home/ubuntu/.cache/h100-vllm/installers/cudnn-local-repo-ubuntu2204-9.17.1_1.0-1_amd64.deb
-------------------------------------------------------------------------------

[#035835 1.1GiB/1.4GiB(80%) CN:8 DL:3.6MiB ETA:1m21s]
 *** Download Progress Summary as of Thu Jul 16 08:25:02 2026 *** 
===============================================================================
[#035835 1.1GiB/1.4GiB(80%) CN:8 DL:3.7MiB ETA:1m17s]
FILE: /home/ubuntu/.cache/h100-vllm/installers/cudnn-local-repo-ubuntu2204-9.17.1_1.0-1_amd64.deb
-------------------------------------------------------------------------------

[#035835 1.1GiB/1.4GiB(80%) CN:8 DL:3.7MiB ETA:1m17s]
 *** Download Progress Summary as of Thu Jul 16 08:25:03 2026 *** 
===============================================================================
[#035835 1.1GiB/1.4GiB(80%) CN:8 DL:3.8MiB ETA:1m14s]
FILE: /home/ubuntu/.cache/h100-vllm/installers/cudnn-local-repo-ubuntu2204-9.17.1_1.0-1_amd64.deb
-------------------------------------------------------------------------------

[#035835 1.1GiB/1.4GiB(80%) CN:8 DL:3.8MiB ETA:1m14s]
 *** Download Progress Summary as of Thu Jul 16 08:25:04 2026 *** 
===============================================================================
[#035835 1.1GiB/1.4GiB(80%) CN:8 DL:3.8MiB ETA:1m14s]
FILE: /home/ubuntu/.cache/h100-vllm/installers/cudnn-local-repo-ubuntu2204-9.17.1_1.0-1_amd64.deb
-------------------------------------------------------------------------------

[#035835 1.1GiB/1.4GiB(80%) CN:8 DL:3.8MiB ETA:1m14s]
 *** Download Progress Summary as of Thu Jul 16 08:25:04 2026 *** 
===============================================================================
[#035835 1.1GiB/1.4GiB(81%) CN:8 DL:3.8MiB ETA:1m12s]
FILE: /home/ubuntu/.cache/h100-vllm/installers/cudnn-local-repo-ubuntu2204-9.17.1_1.0-1_amd64.deb
-------------------------------------------------------------------------------

[#035835 1.1GiB/1.4GiB(81%) CN:8 DL:3.8MiB ETA:1m12s]
 *** Download Progress Summary as of Thu Jul 16 08:25:05 2026 *** 
===============================================================================
[#035835 1.1GiB/1.4GiB(81%) CN:8 DL:3.9MiB ETA:1m11s]
FILE: /home/ubuntu/.cache/h100-vllm/installers/cudnn-local-repo-ubuntu2204-9.17.1_1.0-1_amd64.deb
-------------------------------------------------------------------------------

[#035835 1.1GiB/1.4GiB(81%) CN:8 DL:3.9MiB ETA:1m11s]
 *** Download Progress Summary as of Thu Jul 16 08:25:06 2026 *** 
===============================================================================
[#035835 1.1GiB/1.4GiB(81%) CN:8 DL:3.9MiB ETA:1m10s]
FILE: /home/ubuntu/.cache/h100-vllm/installers/cudnn-local-repo-ubuntu2204-9.17.1_1.0-1_amd64.deb
-------------------------------------------------------------------------------

[#035835 1.1GiB/1.4GiB(81%) CN:8 DL:3.9MiB ETA:1m10s]
 *** Download Progress Summary as of Thu Jul 16 08:25:07 2026 *** 
===============================================================================
[#035835 1.1GiB/1.4GiB(81%) CN:8 DL:3.8MiB ETA:1m10s]
FILE: /home/ubuntu/.cache/h100-vllm/installers/cudnn-local-repo-ubuntu2204-9.17.1_1.0-1_amd64.deb
-------------------------------------------------------------------------------

[#035835 1.1GiB/1.4GiB(81%) CN:8 DL:3.8MiB ETA:1m10s]
 *** Download Progress Summary as of Thu Jul 16 08:25:08 2026 *** 
===============================================================================
[#035835 1.2GiB/1.4GiB(82%) CN:8 DL:3.8MiB ETA:1m10s]
FILE: /home/ubuntu/.cache/h100-vllm/installers/cudnn-local-repo-ubuntu2204-9.17.1_1.0-1_amd64.deb
-------------------------------------------------------------------------------

[#035835 1.2GiB/1.4GiB(82%) CN:8 DL:3.8MiB ETA:1m10s]
 *** Download Progress Summary as of Thu Jul 16 08:25:09 2026 *** 
===============================================================================
[#035835 1.2GiB/1.4GiB(82%) CN:8 DL:3.8MiB ETA:1m9s]
FILE: /home/ubuntu/.cache/h100-vllm/installers/cudnn-local-repo-ubuntu2204-9.17.1_1.0-1_amd64.deb
-------------------------------------------------------------------------------

[#035835 1.2GiB/1.4GiB(82%) CN:8 DL:3.8MiB ETA:1m9s]
 *** Download Progress Summary as of Thu Jul 16 08:25:10 2026 *** 
===============================================================================
[#035835 1.2GiB/1.4GiB(82%) CN:8 DL:3.7MiB ETA:1m9s]
FILE: /home/ubuntu/.cache/h100-vllm/installers/cudnn-local-repo-ubuntu2204-9.17.1_1.0-1_amd64.deb
-------------------------------------------------------------------------------

[#035835 1.2GiB/1.4GiB(82%) CN:8 DL:3.7MiB ETA:1m9s]
 *** Download Progress Summary as of Thu Jul 16 08:25:11 2026 *** 
===============================================================================
[#035835 1.2GiB/1.4GiB(82%) CN:8 DL:3.7MiB ETA:1m9s]
FILE: /home/ubuntu/.cache/h100-vllm/installers/cudnn-local-repo-ubuntu2204-9.17.1_1.0-1_amd64.deb
-------------------------------------------------------------------------------

[#035835 1.2GiB/1.4GiB(82%) CN:8 DL:3.7MiB ETA:1m9s]
 *** Download Progress Summary as of Thu Jul 16 08:25:12 2026 *** 
===============================================================================
[#035835 1.2GiB/1.4GiB(83%) CN:8 DL:3.6MiB ETA:1m10s]
FILE: /home/ubuntu/.cache/h100-vllm/installers/cudnn-local-repo-ubuntu2204-9.17.1_1.0-1_amd64.deb
-------------------------------------------------------------------------------

[#035835 1.2GiB/1.4GiB(83%) CN:8 DL:3.6MiB ETA:1m10s]
 *** Download Progress Summary as of Thu Jul 16 08:25:13 2026 *** 
===============================================================================
[#035835 1.2GiB/1.4GiB(83%) CN:8 DL:3.6MiB ETA:1m8s]
FILE: /home/ubuntu/.cache/h100-vllm/installers/cudnn-local-repo-ubuntu2204-9.17.1_1.0-1_amd64.deb
-------------------------------------------------------------------------------

[#035835 1.2GiB/1.4GiB(83%) CN:8 DL:3.6MiB ETA:1m8s]
 *** Download Progress Summary as of Thu Jul 16 08:25:14 2026 *** 
===============================================================================
[#035835 1.2GiB/1.4GiB(83%) CN:8 DL:3.6MiB ETA:1m7s]
FILE: /home/ubuntu/.cache/h100-vllm/installers/cudnn-local-repo-ubuntu2204-9.17.1_1.0-1_amd64.deb
-------------------------------------------------------------------------------

[#035835 1.2GiB/1.4GiB(83%) CN:8 DL:3.6MiB ETA:1m7s]
 *** Download Progress Summary as of Thu Jul 16 08:25:15 2026 *** 
===============================================================================
[#035835 1.2GiB/1.4GiB(83%) CN:8 DL:3.6MiB ETA:1m6s]
FILE: /home/ubuntu/.cache/h100-vllm/installers/cudnn-local-repo-ubuntu2204-9.17.1_1.0-1_amd64.deb
-------------------------------------------------------------------------------

[#035835 1.2GiB/1.4GiB(83%) CN:8 DL:3.6MiB ETA:1m6s]
 *** Download Progress Summary as of Thu Jul 16 08:25:16 2026 *** 
===============================================================================
[#035835 1.2GiB/1.4GiB(84%) CN:8 DL:3.6MiB ETA:1m6s]
FILE: /home/ubuntu/.cache/h100-vllm/installers/cudnn-local-repo-ubuntu2204-9.17.1_1.0-1_amd64.deb
-------------------------------------------------------------------------------

[#035835 1.2GiB/1.4GiB(84%) CN:8 DL:3.6MiB ETA:1m6s]
 *** Download Progress Summary as of Thu Jul 16 08:25:17 2026 *** 
===============================================================================
[#035835 1.2GiB/1.4GiB(84%) CN:8 DL:3.6MiB ETA:1m5s]
FILE: /home/ubuntu/.cache/h100-vllm/installers/cudnn-local-repo-ubuntu2204-9.17.1_1.0-1_amd64.deb
-------------------------------------------------------------------------------

[#035835 1.2GiB/1.4GiB(84%) CN:8 DL:3.6MiB ETA:1m5s]
 *** Download Progress Summary as of Thu Jul 16 08:25:18 2026 *** 
===============================================================================
[#035835 1.2GiB/1.4GiB(84%) CN:8 DL:3.5MiB ETA:1m4s]
FILE: /home/ubuntu/.cache/h100-vllm/installers/cudnn-local-repo-ubuntu2204-9.17.1_1.0-1_amd64.deb
-------------------------------------------------------------------------------

[#035835 1.2GiB/1.4GiB(84%) CN:8 DL:3.5MiB ETA:1m4s]
 *** Download Progress Summary as of Thu Jul 16 08:25:19 2026 *** 
===============================================================================
[#035835 1.2GiB/1.4GiB(84%) CN:8 DL:3.6MiB ETA:1m3s]
FILE: /home/ubuntu/.cache/h100-vllm/installers/cudnn-local-repo-ubuntu2204-9.17.1_1.0-1_amd64.deb
-------------------------------------------------------------------------------

[#035835 1.2GiB/1.4GiB(84%) CN:8 DL:3.6MiB ETA:1m3s]
 *** Download Progress Summary as of Thu Jul 16 08:25:20 2026 *** 
===============================================================================
[#035835 1.2GiB/1.4GiB(85%) CN:8 DL:3.6MiB ETA:1m]
FILE: /home/ubuntu/.cache/h100-vllm/installers/cudnn-local-repo-ubuntu2204-9.17.1_1.0-1_amd64.deb
-------------------------------------------------------------------------------

[#035835 1.2GiB/1.4GiB(85%) CN:8 DL:3.6MiB ETA:1m]
 *** Download Progress Summary as of Thu Jul 16 08:25:21 2026 *** 
===============================================================================
[#035835 1.2GiB/1.4GiB(85%) CN:8 DL:3.6MiB ETA:59s]
FILE: /home/ubuntu/.cache/h100-vllm/installers/cudnn-local-repo-ubuntu2204-9.17.1_1.0-1_amd64.deb
-------------------------------------------------------------------------------

[#035835 1.2GiB/1.4GiB(85%) CN:8 DL:3.6MiB ETA:59s]
 *** Download Progress Summary as of Thu Jul 16 08:25:22 2026 *** 
===============================================================================
[#035835 1.2GiB/1.4GiB(85%) CN:8 DL:3.7MiB ETA:57s]
FILE: /home/ubuntu/.cache/h100-vllm/installers/cudnn-local-repo-ubuntu2204-9.17.1_1.0-1_amd64.deb
-------------------------------------------------------------------------------

[#035835 1.2GiB/1.4GiB(85%) CN:8 DL:3.7MiB ETA:57s]
 *** Download Progress Summary as of Thu Jul 16 08:25:23 2026 *** 
===============================================================================
[#035835 1.2GiB/1.4GiB(85%) CN:8 DL:3.7MiB ETA:56s]
FILE: /home/ubuntu/.cache/h100-vllm/installers/cudnn-local-repo-ubuntu2204-9.17.1_1.0-1_amd64.deb
-------------------------------------------------------------------------------

[#035835 1.2GiB/1.4GiB(85%) CN:8 DL:3.7MiB ETA:56s]
 *** Download Progress Summary as of Thu Jul 16 08:25:24 2026 *** 
===============================================================================
[#035835 1.2GiB/1.4GiB(86%) CN:8 DL:3.6MiB ETA:57s]
FILE: /home/ubuntu/.cache/h100-vllm/installers/cudnn-local-repo-ubuntu2204-9.17.1_1.0-1_amd64.deb
-------------------------------------------------------------------------------

[#035835 1.2GiB/1.4GiB(86%) CN:8 DL:3.6MiB ETA:57s]
 *** Download Progress Summary as of Thu Jul 16 08:25:25 2026 *** 
===============================================================================
[#035835 1.2GiB/1.4GiB(86%) CN:8 DL:3.7MiB ETA:55s]
FILE: /home/ubuntu/.cache/h100-vllm/installers/cudnn-local-repo-ubuntu2204-9.17.1_1.0-1_amd64.deb
-------------------------------------------------------------------------------

[#035835 1.2GiB/1.4GiB(86%) CN:8 DL:3.7MiB ETA:55s]
 *** Download Progress Summary as of Thu Jul 16 08:25:26 2026 *** 
===============================================================================
[#035835 1.2GiB/1.4GiB(86%) CN:8 DL:3.6MiB ETA:54s]
FILE: /home/ubuntu/.cache/h100-vllm/installers/cudnn-local-repo-ubuntu2204-9.17.1_1.0-1_amd64.deb
-------------------------------------------------------------------------------

[#035835 1.2GiB/1.4GiB(86%) CN:8 DL:3.6MiB ETA:54s]
 *** Download Progress Summary as of Thu Jul 16 08:25:27 2026 *** 
===============================================================================
[#035835 1.2GiB/1.4GiB(86%) CN:8 DL:3.6MiB ETA:55s]
FILE: /home/ubuntu/.cache/h100-vllm/installers/cudnn-local-repo-ubuntu2204-9.17.1_1.0-1_amd64.deb
-------------------------------------------------------------------------------

[#035835 1.2GiB/1.4GiB(86%) CN:8 DL:3.6MiB ETA:55s]
 *** Download Progress Summary as of Thu Jul 16 08:25:28 2026 *** 
===============================================================================
[#035835 1.2GiB/1.4GiB(86%) CN:8 DL:3.5MiB ETA:55s]
FILE: /home/ubuntu/.cache/h100-vllm/installers/cudnn-local-repo-ubuntu2204-9.17.1_1.0-1_amd64.deb
-------------------------------------------------------------------------------

[#035835 1.2GiB/1.4GiB(86%) CN:8 DL:3.5MiB ETA:55s]
 *** Download Progress Summary as of Thu Jul 16 08:25:29 2026 *** 
===============================================================================
[#035835 1.2GiB/1.4GiB(87%) CN:8 DL:3.4MiB ETA:55s]
FILE: /home/ubuntu/.cache/h100-vllm/installers/cudnn-local-repo-ubuntu2204-9.17.1_1.0-1_amd64.deb
-------------------------------------------------------------------------------

[#035835 1.2GiB/1.4GiB(87%) CN:8 DL:3.4MiB ETA:55s]
 *** Download Progress Summary as of Thu Jul 16 08:25:30 2026 *** 
===============================================================================
[#035835 1.2GiB/1.4GiB(87%) CN:8 DL:3.4MiB ETA:54s]
FILE: /home/ubuntu/.cache/h100-vllm/installers/cudnn-local-repo-ubuntu2204-9.17.1_1.0-1_amd64.deb
-------------------------------------------------------------------------------

[#035835 1.2GiB/1.4GiB(87%) CN:8 DL:3.4MiB ETA:54s]
 *** Download Progress Summary as of Thu Jul 16 08:25:31 2026 *** 
===============================================================================
[#035835 1.2GiB/1.4GiB(87%) CN:8 DL:3.4MiB ETA:54s]
FILE: /home/ubuntu/.cache/h100-vllm/installers/cudnn-local-repo-ubuntu2204-9.17.1_1.0-1_amd64.deb
-------------------------------------------------------------------------------

[#035835 1.2GiB/1.4GiB(87%) CN:8 DL:3.4MiB ETA:54s]
 *** Download Progress Summary as of Thu Jul 16 08:25:32 2026 *** 
===============================================================================
[#035835 1.2GiB/1.4GiB(87%) CN:8 DL:3.3MiB ETA:55s]
FILE: /home/ubuntu/.cache/h100-vllm/installers/cudnn-local-repo-ubuntu2204-9.17.1_1.0-1_amd64.deb
-------------------------------------------------------------------------------

[#035835 1.2GiB/1.4GiB(87%) CN:8 DL:3.3MiB ETA:55s]
 *** Download Progress Summary as of Thu Jul 16 08:25:33 2026 *** 
===============================================================================
[#035835 1.2GiB/1.4GiB(87%) CN:8 DL:3.2MiB ETA:55s]
FILE: /home/ubuntu/.cache/h100-vllm/installers/cudnn-local-repo-ubuntu2204-9.17.1_1.0-1_amd64.deb
-------------------------------------------------------------------------------

[#035835 1.2GiB/1.4GiB(87%) CN:8 DL:3.2MiB ETA:55s]
 *** Download Progress Summary as of Thu Jul 16 08:25:34 2026 *** 
===============================================================================
[#035835 1.2GiB/1.4GiB(88%) CN:8 DL:3.2MiB ETA:54s]
FILE: /home/ubuntu/.cache/h100-vllm/installers/cudnn-local-repo-ubuntu2204-9.17.1_1.0-1_amd64.deb
-------------------------------------------------------------------------------

[#035835 1.2GiB/1.4GiB(88%) CN:8 DL:3.2MiB ETA:54s]
 *** Download Progress Summary as of Thu Jul 16 08:25:35 2026 *** 
===============================================================================
[#035835 1.2GiB/1.4GiB(88%) CN:8 DL:3.1MiB ETA:55s]
FILE: /home/ubuntu/.cache/h100-vllm/installers/cudnn-local-repo-ubuntu2204-9.17.1_1.0-1_amd64.deb
-------------------------------------------------------------------------------

[#035835 1.2GiB/1.4GiB(88%) CN:8 DL:3.1MiB ETA:55s]
 *** Download Progress Summary as of Thu Jul 16 08:25:36 2026 *** 
===============================================================================
[#035835 1.2GiB/1.4GiB(88%) CN:8 DL:3.1MiB ETA:55s]
FILE: /home/ubuntu/.cache/h100-vllm/installers/cudnn-local-repo-ubuntu2204-9.17.1_1.0-1_amd64.deb
-------------------------------------------------------------------------------

[#035835 1.2GiB/1.4GiB(88%) CN:8 DL:3.1MiB ETA:55s]
 *** Download Progress Summary as of Thu Jul 16 08:25:37 2026 *** 
===============================================================================
[#035835 1.2GiB/1.4GiB(88%) CN:8 DL:3.0MiB ETA:55s]
FILE: /home/ubuntu/.cache/h100-vllm/installers/cudnn-local-repo-ubuntu2204-9.17.1_1.0-1_amd64.deb
-------------------------------------------------------------------------------

[#035835 1.2GiB/1.4GiB(88%) CN:8 DL:3.0MiB ETA:55s]
 *** Download Progress Summary as of Thu Jul 16 08:25:38 2026 *** 
===============================================================================
[#035835 1.3GiB/1.4GiB(88%) CN:8 DL:3.0MiB ETA:54s]
FILE: /home/ubuntu/.cache/h100-vllm/installers/cudnn-local-repo-ubuntu2204-9.17.1_1.0-1_amd64.deb
-------------------------------------------------------------------------------

[#035835 1.3GiB/1.4GiB(88%) CN:8 DL:3.0MiB ETA:54s]
 *** Download Progress Summary as of Thu Jul 16 08:25:39 2026 *** 
===============================================================================
[#035835 1.3GiB/1.4GiB(89%) CN:8 DL:2.9MiB ETA:55s]
FILE: /home/ubuntu/.cache/h100-vllm/installers/cudnn-local-repo-ubuntu2204-9.17.1_1.0-1_amd64.deb
-------------------------------------------------------------------------------

[#035835 1.3GiB/1.4GiB(89%) CN:8 DL:2.9MiB ETA:55s]
 *** Download Progress Summary as of Thu Jul 16 08:25:40 2026 *** 
===============================================================================
[#035835 1.3GiB/1.4GiB(89%) CN:8 DL:2.7MiB ETA:57s]
FILE: /home/ubuntu/.cache/h100-vllm/installers/cudnn-local-repo-ubuntu2204-9.17.1_1.0-1_amd64.deb
-------------------------------------------------------------------------------

[#035835 1.3GiB/1.4GiB(89%) CN:8 DL:2.7MiB ETA:57s]
 *** Download Progress Summary as of Thu Jul 16 08:25:41 2026 *** 
===============================================================================
[#035835 1.3GiB/1.4GiB(89%) CN:8 DL:2.7MiB ETA:57s]
FILE: /home/ubuntu/.cache/h100-vllm/installers/cudnn-local-repo-ubuntu2204-9.17.1_1.0-1_amd64.deb
-------------------------------------------------------------------------------

[#035835 1.3GiB/1.4GiB(89%) CN:8 DL:2.7MiB ETA:57s]
 *** Download Progress Summary as of Thu Jul 16 08:25:42 2026 *** 
===============================================================================
[#035835 1.3GiB/1.4GiB(89%) CN:8 DL:2.8MiB ETA:55s]
FILE: /home/ubuntu/.cache/h100-vllm/installers/cudnn-local-repo-ubuntu2204-9.17.1_1.0-1_amd64.deb
-------------------------------------------------------------------------------

[#035835 1.3GiB/1.4GiB(89%) CN:8 DL:2.8MiB ETA:55s]
 *** Download Progress Summary as of Thu Jul 16 08:25:43 2026 *** 
===============================================================================
[#035835 1.3GiB/1.4GiB(89%) CN:8 DL:2.8MiB ETA:54s]
FILE: /home/ubuntu/.cache/h100-vllm/installers/cudnn-local-repo-ubuntu2204-9.17.1_1.0-1_amd64.deb
-------------------------------------------------------------------------------

[#035835 1.3GiB/1.4GiB(89%) CN:8 DL:2.8MiB ETA:54s]
 *** Download Progress Summary as of Thu Jul 16 08:25:44 2026 *** 
===============================================================================
[#035835 1.3GiB/1.4GiB(89%) CN:8 DL:2.7MiB ETA:54s]
FILE: /home/ubuntu/.cache/h100-vllm/installers/cudnn-local-repo-ubuntu2204-9.17.1_1.0-1_amd64.deb
-------------------------------------------------------------------------------

[#035835 1.3GiB/1.4GiB(89%) CN:8 DL:2.7MiB ETA:54s]
 *** Download Progress Summary as of Thu Jul 16 08:25:45 2026 *** 
===============================================================================
[#035835 1.3GiB/1.4GiB(90%) CN:8 DL:2.6MiB ETA:54s]
FILE: /home/ubuntu/.cache/h100-vllm/installers/cudnn-local-repo-ubuntu2204-9.17.1_1.0-1_amd64.deb
-------------------------------------------------------------------------------

[#035835 1.3GiB/1.4GiB(90%) CN:8 DL:2.6MiB ETA:54s]
 *** Download Progress Summary as of Thu Jul 16 08:25:46 2026 *** 
===============================================================================
[#035835 1.3GiB/1.4GiB(90%) CN:8 DL:2.7MiB ETA:53s]
FILE: /home/ubuntu/.cache/h100-vllm/installers/cudnn-local-repo-ubuntu2204-9.17.1_1.0-1_amd64.deb
-------------------------------------------------------------------------------

[#035835 1.3GiB/1.4GiB(90%) CN:8 DL:2.7MiB ETA:53s]
 *** Download Progress Summary as of Thu Jul 16 08:25:47 2026 *** 
===============================================================================
[#035835 1.3GiB/1.4GiB(90%) CN:8 DL:2.7MiB ETA:51s]
FILE: /home/ubuntu/.cache/h100-vllm/installers/cudnn-local-repo-ubuntu2204-9.17.1_1.0-1_amd64.deb
-------------------------------------------------------------------------------

[#035835 1.3GiB/1.4GiB(90%) CN:8 DL:2.7MiB ETA:51s]
 *** Download Progress Summary as of Thu Jul 16 08:25:48 2026 *** 
===============================================================================
[#035835 1.3GiB/1.4GiB(90%) CN:8 DL:2.7MiB ETA:49s]
FILE: /home/ubuntu/.cache/h100-vllm/installers/cudnn-local-repo-ubuntu2204-9.17.1_1.0-1_amd64.deb
-------------------------------------------------------------------------------

[#035835 1.3GiB/1.4GiB(90%) CN:8 DL:2.7MiB ETA:49s]
 *** Download Progress Summary as of Thu Jul 16 08:25:49 2026 *** 
===============================================================================
[#035835 1.3GiB/1.4GiB(91%) CN:8 DL:2.8MiB ETA:47s]
FILE: /home/ubuntu/.cache/h100-vllm/installers/cudnn-local-repo-ubuntu2204-9.17.1_1.0-1_amd64.deb
-------------------------------------------------------------------------------

[#035835 1.3GiB/1.4GiB(91%) CN:8 DL:2.8MiB ETA:47s]
 *** Download Progress Summary as of Thu Jul 16 08:25:50 2026 *** 
===============================================================================
[#035835 1.3GiB/1.4GiB(91%) CN:8 DL:2.9MiB ETA:43s]
FILE: /home/ubuntu/.cache/h100-vllm/installers/cudnn-local-repo-ubuntu2204-9.17.1_1.0-1_amd64.deb
-------------------------------------------------------------------------------

[#035835 1.3GiB/1.4GiB(91%) CN:8 DL:2.9MiB ETA:43s]
 *** Download Progress Summary as of Thu Jul 16 08:25:51 2026 *** 
===============================================================================
[#035835 1.3GiB/1.4GiB(91%) CN:8 DL:3.1MiB ETA:41s]
FILE: /home/ubuntu/.cache/h100-vllm/installers/cudnn-local-repo-ubuntu2204-9.17.1_1.0-1_amd64.deb
-------------------------------------------------------------------------------

[#035835 1.3GiB/1.4GiB(91%) CN:8 DL:3.1MiB ETA:41s]
 *** Download Progress Summary as of Thu Jul 16 08:25:52 2026 *** 
===============================================================================
[#035835 1.3GiB/1.4GiB(91%) CN:8 DL:3.1MiB ETA:39s]
FILE: /home/ubuntu/.cache/h100-vllm/installers/cudnn-local-repo-ubuntu2204-9.17.1_1.0-1_amd64.deb
-------------------------------------------------------------------------------

[#035835 1.3GiB/1.4GiB(91%) CN:8 DL:3.1MiB ETA:39s]
 *** Download Progress Summary as of Thu Jul 16 08:25:53 2026 *** 
===============================================================================
[#035835 1.3GiB/1.4GiB(91%) CN:8 DL:3.1MiB ETA:38s]
FILE: /home/ubuntu/.cache/h100-vllm/installers/cudnn-local-repo-ubuntu2204-9.17.1_1.0-1_amd64.deb
-------------------------------------------------------------------------------

[#035835 1.3GiB/1.4GiB(91%) CN:8 DL:3.1MiB ETA:38s]
 *** Download Progress Summary as of Thu Jul 16 08:25:54 2026 *** 
===============================================================================
[#035835 1.3GiB/1.4GiB(92%) CN:8 DL:3.1MiB ETA:37s]
FILE: /home/ubuntu/.cache/h100-vllm/installers/cudnn-local-repo-ubuntu2204-9.17.1_1.0-1_amd64.deb
-------------------------------------------------------------------------------

[#035835 1.3GiB/1.4GiB(92%) CN:8 DL:3.1MiB ETA:37s]
 *** Download Progress Summary as of Thu Jul 16 08:25:55 2026 *** 
===============================================================================
[#035835 1.3GiB/1.4GiB(92%) CN:8 DL:3.2MiB ETA:35s]
FILE: /home/ubuntu/.cache/h100-vllm/installers/cudnn-local-repo-ubuntu2204-9.17.1_1.0-1_amd64.deb
-------------------------------------------------------------------------------

[#035835 1.3GiB/1.4GiB(92%) CN:8 DL:3.2MiB ETA:35s]
 *** Download Progress Summary as of Thu Jul 16 08:25:56 2026 *** 
===============================================================================
[#035835 1.3GiB/1.4GiB(92%) CN:8 DL:3.3MiB ETA:33s]
FILE: /home/ubuntu/.cache/h100-vllm/installers/cudnn-local-repo-ubuntu2204-9.17.1_1.0-1_amd64.deb
-------------------------------------------------------------------------------

[#035835 1.3GiB/1.4GiB(92%) CN:8 DL:3.3MiB ETA:33s]
 *** Download Progress Summary as of Thu Jul 16 08:25:57 2026 *** 
===============================================================================
[#035835 1.3GiB/1.4GiB(92%) CN:8 DL:3.3MiB ETA:31s]
FILE: /home/ubuntu/.cache/h100-vllm/installers/cudnn-local-repo-ubuntu2204-9.17.1_1.0-1_amd64.deb
-------------------------------------------------------------------------------

[#035835 1.3GiB/1.4GiB(92%) CN:8 DL:3.3MiB ETA:31s]
 *** Download Progress Summary as of Thu Jul 16 08:25:58 2026 *** 
===============================================================================
[#035835 1.3GiB/1.4GiB(93%) CN:8 DL:3.3MiB ETA:31s]
FILE: /home/ubuntu/.cache/h100-vllm/installers/cudnn-local-repo-ubuntu2204-9.17.1_1.0-1_amd64.deb
-------------------------------------------------------------------------------

[#035835 1.3GiB/1.4GiB(93%) CN:8 DL:3.3MiB ETA:31s]
 *** Download Progress Summary as of Thu Jul 16 08:25:59 2026 *** 
===============================================================================
[#035835 1.3GiB/1.4GiB(93%) CN:8 DL:3.3MiB ETA:29s]
FILE: /home/ubuntu/.cache/h100-vllm/installers/cudnn-local-repo-ubuntu2204-9.17.1_1.0-1_amd64.deb
-------------------------------------------------------------------------------

[#035835 1.3GiB/1.4GiB(93%) CN:8 DL:3.3MiB ETA:29s]
 *** Download Progress Summary as of Thu Jul 16 08:26:00 2026 *** 
===============================================================================
[#035835 1.3GiB/1.4GiB(93%) CN:8 DL:3.3MiB ETA:28s]
FILE: /home/ubuntu/.cache/h100-vllm/installers/cudnn-local-repo-ubuntu2204-9.17.1_1.0-1_amd64.deb
-------------------------------------------------------------------------------

[#035835 1.3GiB/1.4GiB(93%) CN:8 DL:3.3MiB ETA:28s]
 *** Download Progress Summary as of Thu Jul 16 08:26:01 2026 *** 
===============================================================================
[#035835 1.3GiB/1.4GiB(93%) CN:8 DL:3.3MiB ETA:28s]
FILE: /home/ubuntu/.cache/h100-vllm/installers/cudnn-local-repo-ubuntu2204-9.17.1_1.0-1_amd64.deb
-------------------------------------------------------------------------------

[#035835 1.3GiB/1.4GiB(93%) CN:8 DL:3.3MiB ETA:28s]
 *** Download Progress Summary as of Thu Jul 16 08:26:02 2026 *** 
===============================================================================
[#035835 1.3GiB/1.4GiB(93%) CN:8 DL:3.3MiB ETA:27s]
FILE: /home/ubuntu/.cache/h100-vllm/installers/cudnn-local-repo-ubuntu2204-9.17.1_1.0-1_amd64.deb
-------------------------------------------------------------------------------

[#035835 1.3GiB/1.4GiB(93%) CN:8 DL:3.3MiB ETA:27s]
 *** Download Progress Summary as of Thu Jul 16 08:26:03 2026 *** 
===============================================================================
[#035835 1.3GiB/1.4GiB(94%) CN:8 DL:3.3MiB ETA:26s]
FILE: /home/ubuntu/.cache/h100-vllm/installers/cudnn-local-repo-ubuntu2204-9.17.1_1.0-1_amd64.deb
-------------------------------------------------------------------------------

[#035835 1.3GiB/1.4GiB(94%) CN:8 DL:3.3MiB ETA:26s]
 *** Download Progress Summary as of Thu Jul 16 08:26:04 2026 *** 
===============================================================================
[#035835 1.3GiB/1.4GiB(94%) CN:8 DL:3.4MiB ETA:24s]
FILE: /home/ubuntu/.cache/h100-vllm/installers/cudnn-local-repo-ubuntu2204-9.17.1_1.0-1_amd64.deb
-------------------------------------------------------------------------------

[#035835 1.3GiB/1.4GiB(94%) CN:8 DL:3.4MiB ETA:24s]
 *** Download Progress Summary as of Thu Jul 16 08:26:05 2026 *** 
===============================================================================
[#035835 1.3GiB/1.4GiB(94%) CN:8 DL:3.4MiB ETA:23s]
FILE: /home/ubuntu/.cache/h100-vllm/installers/cudnn-local-repo-ubuntu2204-9.17.1_1.0-1_amd64.deb
-------------------------------------------------------------------------------

[#035835 1.3GiB/1.4GiB(94%) CN:8 DL:3.4MiB ETA:23s]
 *** Download Progress Summary as of Thu Jul 16 08:26:06 2026 *** 
===============================================================================
[#035835 1.3GiB/1.4GiB(94%) CN:8 DL:3.5MiB ETA:21s]
FILE: /home/ubuntu/.cache/h100-vllm/installers/cudnn-local-repo-ubuntu2204-9.17.1_1.0-1_amd64.deb
-------------------------------------------------------------------------------

[#035835 1.3GiB/1.4GiB(94%) CN:8 DL:3.5MiB ETA:21s]
 *** Download Progress Summary as of Thu Jul 16 08:26:07 2026 *** 
===============================================================================
[#035835 1.3GiB/1.4GiB(95%) CN:8 DL:3.4MiB ETA:21s]
FILE: /home/ubuntu/.cache/h100-vllm/installers/cudnn-local-repo-ubuntu2204-9.17.1_1.0-1_amd64.deb
-------------------------------------------------------------------------------

[#035835 1.3GiB/1.4GiB(95%) CN:8 DL:3.4MiB ETA:21s]
 *** Download Progress Summary as of Thu Jul 16 08:26:08 2026 *** 
===============================================================================
[#035835 1.3GiB/1.4GiB(95%) CN:8 DL:3.3MiB ETA:21s]
FILE: /home/ubuntu/.cache/h100-vllm/installers/cudnn-local-repo-ubuntu2204-9.17.1_1.0-1_amd64.deb
-------------------------------------------------------------------------------

[#035835 1.3GiB/1.4GiB(95%) CN:8 DL:3.3MiB ETA:21s]
 *** Download Progress Summary as of Thu Jul 16 08:26:09 2026 *** 
===============================================================================
[#035835 1.3GiB/1.4GiB(95%) CN:8 DL:3.2MiB ETA:20s]
FILE: /home/ubuntu/.cache/h100-vllm/installers/cudnn-local-repo-ubuntu2204-9.17.1_1.0-1_amd64.deb
-------------------------------------------------------------------------------

[#035835 1.3GiB/1.4GiB(95%) CN:8 DL:3.2MiB ETA:20s]
 *** Download Progress Summary as of Thu Jul 16 08:26:10 2026 *** 
===============================================================================
[#035835 1.4GiB/1.4GiB(95%) CN:8 DL:3.4MiB ETA:18s]
FILE: /home/ubuntu/.cache/h100-vllm/installers/cudnn-local-repo-ubuntu2204-9.17.1_1.0-1_amd64.deb
-------------------------------------------------------------------------------

[#035835 1.4GiB/1.4GiB(95%) CN:8 DL:3.4MiB ETA:18s]
 *** Download Progress Summary as of Thu Jul 16 08:26:11 2026 *** 
===============================================================================
[#035835 1.4GiB/1.4GiB(96%) CN:8 DL:3.9MiB ETA:13s]
FILE: /home/ubuntu/.cache/h100-vllm/installers/cudnn-local-repo-ubuntu2204-9.17.1_1.0-1_amd64.deb
-------------------------------------------------------------------------------

[#035835 1.4GiB/1.4GiB(96%) CN:8 DL:3.9MiB ETA:13s]
 *** Download Progress Summary as of Thu Jul 16 08:26:12 2026 *** 
===============================================================================
[#035835 1.4GiB/1.4GiB(96%) CN:8 DL:4.5MiB ETA:10s]
FILE: /home/ubuntu/.cache/h100-vllm/installers/cudnn-local-repo-ubuntu2204-9.17.1_1.0-1_amd64.deb
-------------------------------------------------------------------------------

[#035835 1.4GiB/1.4GiB(96%) CN:8 DL:4.5MiB ETA:10s]
 *** Download Progress Summary as of Thu Jul 16 08:26:13 2026 *** 
===============================================================================
[#035835 1.4GiB/1.4GiB(97%) CN:8 DL:5.0MiB ETA:7s]
FILE: /home/ubuntu/.cache/h100-vllm/installers/cudnn-local-repo-ubuntu2204-9.17.1_1.0-1_amd64.deb
-------------------------------------------------------------------------------

[#035835 1.4GiB/1.4GiB(97%) CN:8 DL:5.0MiB ETA:7s]
 *** Download Progress Summary as of Thu Jul 16 08:26:14 2026 *** 
===============================================================================
[#035835 1.4GiB/1.4GiB(97%) CN:8 DL:5.5MiB ETA:5s]
FILE: /home/ubuntu/.cache/h100-vllm/installers/cudnn-local-repo-ubuntu2204-9.17.1_1.0-1_amd64.deb
-------------------------------------------------------------------------------

[#035835 1.4GiB/1.4GiB(97%) CN:8 DL:5.5MiB ETA:5s]
 *** Download Progress Summary as of Thu Jul 16 08:26:15 2026 *** 
===============================================================================
[#035835 1.4GiB/1.4GiB(98%) CN:8 DL:5.9MiB ETA:3s]
FILE: /home/ubuntu/.cache/h100-vllm/installers/cudnn-local-repo-ubuntu2204-9.17.1_1.0-1_amd64.deb
-------------------------------------------------------------------------------

[#035835 1.4GiB/1.4GiB(98%) CN:8 DL:5.9MiB ETA:3s]
 *** Download Progress Summary as of Thu Jul 16 08:26:16 2026 *** 
===============================================================================
[#035835 1.4GiB/1.4GiB(99%) CN:8 DL:6.4MiB ETA:2s]
FILE: /home/ubuntu/.cache/h100-vllm/installers/cudnn-local-repo-ubuntu2204-9.17.1_1.0-1_amd64.deb
-------------------------------------------------------------------------------

[#035835 1.4GiB/1.4GiB(99%) CN:8 DL:6.4MiB ETA:2s]
 *** Download Progress Summary as of Thu Jul 16 08:26:17 2026 *** 
===============================================================================
[#035835 1.4GiB/1.4GiB(99%) CN:8 DL:7.0MiB]
FILE: /home/ubuntu/.cache/h100-vllm/installers/cudnn-local-repo-ubuntu2204-9.17.1_1.0-1_amd64.deb
-------------------------------------------------------------------------------

[#035835 1.4GiB/1.4GiB(99%) CN:8 DL:7.0MiB]
 *** Download Progress Summary as of Thu Jul 16 08:26:18 2026 *** 
===============================================================================
[#035835 1.4GiB/1.4GiB(99%) CN:2 DL:7.3MiB]
FILE: /home/ubuntu/.cache/h100-vllm/installers/cudnn-local-repo-ubuntu2204-9.17.1_1.0-1_amd64.deb
-------------------------------------------------------------------------------

[#035835 1.4GiB/1.4GiB(99%) CN:2 DL:7.3MiB]

Download Results:
gid   |stat|avg speed  |path/URI
======+====+===========+=======================================================
035835|OK  |   3.4MiB/s|/home/ubuntu/.cache/h100-vllm/installers/cudnn-local-repo-ubuntu2204-9.17.1_1.0-1_amd64.deb

Status Legend:
(OK):download completed.
