 *** Download Progress Summary as of Thu Jul 16 08:19:24 2026 *** 
===============================================================================
[#28297b 0B/0B CN:1 DL:0B]
FILE: /home/ubuntu/h100-vllm/vllm_engine/models/prithivMLmods--gemma-4-E4B-it-FP8/model.safetensors
-------------------------------------------------------------------------------

[#28297b 0B/0B CN:1 DL:0B]
 *** Download Progress Summary as of Thu Jul 16 08:19:25 2026 *** 
===============================================================================
[#28297b 0B/0B CN:1 DL:0B]
FILE: /home/ubuntu/h100-vllm/vllm_engine/models/prithivMLmods--gemma-4-E4B-it-FP8/model.safetensors
-------------------------------------------------------------------------------

[#28297b 0B/0B CN:1 DL:0B]
 *** Download Progress Summary as of Thu Jul 16 08:19:26 2026 *** 
===============================================================================
[#28297b 0B/0B CN:1 DL:0B]
FILE: /home/ubuntu/h100-vllm/vllm_engine/models/prithivMLmods--gemma-4-E4B-it-FP8/model.safetensors
-------------------------------------------------------------------------------

[#28297b 0B/0B CN:1 DL:0B]
 *** Download Progress Summary as of Thu Jul 16 08:19:27 2026 *** 
===============================================================================
[#28297b 0B/0B CN:1 DL:0B]
FILE: /home/ubuntu/h100-vllm/vllm_engine/models/prithivMLmods--gemma-4-E4B-it-FP8/model.safetensors
-------------------------------------------------------------------------------

[#28297b 0B/0B CN:1 DL:0B]
 *** Download Progress Summary as of Thu Jul 16 08:19:28 2026 *** 
===============================================================================
[#28297b 0B/0B CN:1 DL:0B]
FILE: /home/ubuntu/h100-vllm/vllm_engine/models/prithivMLmods--gemma-4-E4B-it-FP8/model.safetensors
-------------------------------------------------------------------------------

[#28297b 0B/0B CN:1 DL:0B]
 *** Download Progress Summary as of Thu Jul 16 08:19:29 2026 *** 
===============================================================================
[#28297b 0B/0B CN:1 DL:0B]
FILE: /home/ubuntu/h100-vllm/vllm_engine/models/prithivMLmods--gemma-4-E4B-it-FP8/model.safetensors
-------------------------------------------------------------------------------

[#28297b 0B/0B CN:1 DL:0B]
 *** Download Progress Summary as of Thu Jul 16 08:19:30 2026 *** 
===============================================================================
[#28297b 0B/0B CN:1 DL:0B]
FILE: /home/ubuntu/h100-vllm/vllm_engine/models/prithivMLmods--gemma-4-E4B-it-FP8/model.safetensors
-------------------------------------------------------------------------------

[#28297b 0B/0B CN:1 DL:0B]
 *** Download Progress Summary as of Thu Jul 16 08:19:31 2026 *** 
===============================================================================
[#28297b 0B/0B CN:1 DL:0B]
FILE: /home/ubuntu/h100-vllm/vllm_engine/models/prithivMLmods--gemma-4-E4B-it-FP8/model.safetensors
-------------------------------------------------------------------------------

[#28297b 0B/0B CN:1 DL:0B]
 *** Download Progress Summary as of Thu Jul 16 08:19:32 2026 *** 
===============================================================================
[#28297b 0B/0B CN:1 DL:0B]
FILE: /home/ubuntu/h100-vllm/vllm_engine/models/prithivMLmods--gemma-4-E4B-it-FP8/model.safetensors
-------------------------------------------------------------------------------

[#28297b 0B/0B CN:1 DL:0B]
 *** Download Progress Summary as of Thu Jul 16 08:19:33 2026 *** 
===============================================================================
[#28297b 0B/0B CN:1 DL:0B]
FILE: /home/ubuntu/h100-vllm/vllm_engine/models/prithivMLmods--gemma-4-E4B-it-FP8/model.safetensors
-------------------------------------------------------------------------------

[#28297b 0B/0B CN:1 DL:0B]
 *** Download Progress Summary as of Thu Jul 16 08:19:34 2026 *** 
===============================================================================
[#28297b 0B/0B CN:1 DL:0B]
FILE: /home/ubuntu/h100-vllm/vllm_engine/models/prithivMLmods--gemma-4-E4B-it-FP8/model.safetensors
-------------------------------------------------------------------------------

[#28297b 0B/0B CN:1 DL:0B]
 *** Download Progress Summary as of Thu Jul 16 08:19:35 2026 *** 
===============================================================================
[#28297b 0B/0B CN:1 DL:0B]
FILE: /home/ubuntu/h100-vllm/vllm_engine/models/prithivMLmods--gemma-4-E4B-it-FP8/model.safetensors
-------------------------------------------------------------------------------

[#28297b 0B/0B CN:1 DL:0B]
 *** Download Progress Summary as of Thu Jul 16 08:19:36 2026 *** 
===============================================================================
[#28297b 0B/0B CN:1 DL:0B]
FILE: /home/ubuntu/h100-vllm/vllm_engine/models/prithivMLmods--gemma-4-E4B-it-FP8/model.safetensors
-------------------------------------------------------------------------------

[#28297b 0B/0B CN:1 DL:0B]
 *** Download Progress Summary as of Thu Jul 16 08:19:37 2026 *** 
===============================================================================
[#28297b 0B/0B CN:1 DL:0B]
FILE: /home/ubuntu/h100-vllm/vllm_engine/models/prithivMLmods--gemma-4-E4B-it-FP8/model.safetensors
-------------------------------------------------------------------------------

[#28297b 0B/0B CN:1 DL:0B]
 *** Download Progress Summary as of Thu Jul 16 08:19:38 2026 *** 
===============================================================================
[#28297b 0B/0B CN:1 DL:0B]
FILE: /home/ubuntu/h100-vllm/vllm_engine/models/prithivMLmods--gemma-4-E4B-it-FP8/model.safetensors
-------------------------------------------------------------------------------

[#28297b 0B/0B CN:1 DL:0B]
 *** Download Progress Summary as of Thu Jul 16 08:19:39 2026 *** 
===============================================================================
[#28297b 0B/0B CN:1 DL:0B]
FILE: /home/ubuntu/h100-vllm/vllm_engine/models/prithivMLmods--gemma-4-E4B-it-FP8/model.safetensors
-------------------------------------------------------------------------------

[#28297b 0B/0B CN:1 DL:0B]
 *** Download Progress Summary as of Thu Jul 16 08:19:40 2026 *** 
===============================================================================
[#28297b 0B/0B CN:1 DL:0B]
FILE: /home/ubuntu/h100-vllm/vllm_engine/models/prithivMLmods--gemma-4-E4B-it-FP8/model.safetensors
-------------------------------------------------------------------------------

[#28297b 0B/0B CN:1 DL:0B]
 *** Download Progress Summary as of Thu Jul 16 08:19:41 2026 *** 
===============================================================================
[#28297b 0B/0B CN:1 DL:0B]
FILE: /home/ubuntu/h100-vllm/vllm_engine/models/prithivMLmods--gemma-4-E4B-it-FP8/model.safetensors
-------------------------------------------------------------------------------

[#28297b 0B/0B CN:1 DL:0B]
 *** Download Progress Summary as of Thu Jul 16 08:19:42 2026 *** 
===============================================================================
[#28297b 0B/0B CN:1 DL:0B]
FILE: /home/ubuntu/h100-vllm/vllm_engine/models/prithivMLmods--gemma-4-E4B-it-FP8/model.safetensors
-------------------------------------------------------------------------------

[#28297b 0B/0B CN:1 DL:0B]
 *** Download Progress Summary as of Thu Jul 16 08:19:43 2026 *** 
===============================================================================
[#28297b 0B/0B CN:1 DL:0B]
FILE: /home/ubuntu/h100-vllm/vllm_engine/models/prithivMLmods--gemma-4-E4B-it-FP8/model.safetensors
-------------------------------------------------------------------------------

[#28297b 0B/0B CN:1 DL:0B]
 *** Download Progress Summary as of Thu Jul 16 08:19:44 2026 *** 
===============================================================================
[#28297b 0B/0B CN:1 DL:0B]
FILE: /home/ubuntu/h100-vllm/vllm_engine/models/prithivMLmods--gemma-4-E4B-it-FP8/model.safetensors
-------------------------------------------------------------------------------

[#28297b 0B/0B CN:1 DL:0B]
 *** Download Progress Summary as of Thu Jul 16 08:19:45 2026 *** 
===============================================================================
[#28297b 0B/0B CN:1 DL:0B]
FILE: /home/ubuntu/h100-vllm/vllm_engine/models/prithivMLmods--gemma-4-E4B-it-FP8/model.safetensors
-------------------------------------------------------------------------------

[#28297b 0B/0B CN:1 DL:0B]
 *** Download Progress Summary as of Thu Jul 16 08:19:46 2026 *** 
===============================================================================
[#28297b 0B/0B CN:1 DL:0B]
FILE: /home/ubuntu/h100-vllm/vllm_engine/models/prithivMLmods--gemma-4-E4B-it-FP8/model.safetensors
-------------------------------------------------------------------------------

[#28297b 0B/0B CN:1 DL:0B]
 *** Download Progress Summary as of Thu Jul 16 08:19:47 2026 *** 
===============================================================================
[#28297b 0B/0B CN:1 DL:0B]
FILE: /home/ubuntu/h100-vllm/vllm_engine/models/prithivMLmods--gemma-4-E4B-it-FP8/model.safetensors
-------------------------------------------------------------------------------

[#28297b 0B/0B CN:1 DL:0B]
 *** Download Progress Summary as of Thu Jul 16 08:19:48 2026 *** 
===============================================================================
[#28297b 0B/0B CN:1 DL:0B]
FILE: /home/ubuntu/h100-vllm/vllm_engine/models/prithivMLmods--gemma-4-E4B-it-FP8/model.safetensors
-------------------------------------------------------------------------------

[#28297b 0B/0B CN:1 DL:0B]
 *** Download Progress Summary as of Thu Jul 16 08:19:49 2026 *** 
===============================================================================
[#28297b 0B/0B CN:1 DL:0B]
FILE: /home/ubuntu/h100-vllm/vllm_engine/models/prithivMLmods--gemma-4-E4B-it-FP8/model.safetensors
-------------------------------------------------------------------------------

[#28297b 0B/0B CN:1 DL:0B]
 *** Download Progress Summary as of Thu Jul 16 08:19:50 2026 *** 
===============================================================================
[#28297b 0B/0B CN:1 DL:0B]
FILE: /home/ubuntu/h100-vllm/vllm_engine/models/prithivMLmods--gemma-4-E4B-it-FP8/model.safetensors
-------------------------------------------------------------------------------

[#28297b 0B/0B CN:1 DL:0B]
 *** Download Progress Summary as of Thu Jul 16 08:19:51 2026 *** 
===============================================================================
[#28297b 0B/0B CN:1 DL:0B]
FILE: /home/ubuntu/h100-vllm/vllm_engine/models/prithivMLmods--gemma-4-E4B-it-FP8/model.safetensors
-------------------------------------------------------------------------------

[#28297b 0B/0B CN:1 DL:0B]
 *** Download Progress Summary as of Thu Jul 16 08:19:52 2026 *** 
===============================================================================
[#28297b 0B/0B CN:1 DL:0B]
FILE: /home/ubuntu/h100-vllm/vllm_engine/models/prithivMLmods--gemma-4-E4B-it-FP8/model.safetensors
-------------------------------------------------------------------------------

[#28297b 0B/0B CN:1 DL:0B]
 *** Download Progress Summary as of Thu Jul 16 08:19:53 2026 *** 
===============================================================================
[#28297b 0B/0B CN:1 DL:0B]
FILE: /home/ubuntu/h100-vllm/vllm_engine/models/prithivMLmods--gemma-4-E4B-it-FP8/model.safetensors
-------------------------------------------------------------------------------

[#28297b 0B/0B CN:1 DL:0B]
 *** Download Progress Summary as of Thu Jul 16 08:19:54 2026 *** 
===============================================================================
[#28297b 0B/0B CN:0 DL:0B]
FILE: /home/ubuntu/h100-vllm/vllm_engine/models/prithivMLmods--gemma-4-E4B-it-FP8/model.safetensors
-------------------------------------------------------------------------------

[#28297b 0B/0B CN:0 DL:0B]
 *** Download Progress Summary as of Thu Jul 16 08:19:55 2026 *** 
===============================================================================
[#28297b 0B/0B CN:0 DL:0B]
FILE: /home/ubuntu/h100-vllm/vllm_engine/models/prithivMLmods--gemma-4-E4B-it-FP8/model.safetensors
-------------------------------------------------------------------------------

[#28297b 0B/0B CN:0 DL:0B]
 *** Download Progress Summary as of Thu Jul 16 08:19:56 2026 *** 
===============================================================================
[#28297b 0B/0B CN:0 DL:0B]
FILE: /home/ubuntu/h100-vllm/vllm_engine/models/prithivMLmods--gemma-4-E4B-it-FP8/model.safetensors
-------------------------------------------------------------------------------

[#28297b 0B/0B CN:0 DL:0B]
 *** Download Progress Summary as of Thu Jul 16 08:19:57 2026 *** 
===============================================================================
[#28297b 0B/0B CN:1 DL:0B]
FILE: /home/ubuntu/h100-vllm/vllm_engine/models/prithivMLmods--gemma-4-E4B-it-FP8/model.safetensors
-------------------------------------------------------------------------------

[#28297b 0B/0B CN:1 DL:0B]
 *** Download Progress Summary as of Thu Jul 16 08:19:58 2026 *** 
===============================================================================
[#28297b 0B/0B CN:1 DL:0B]
FILE: /home/ubuntu/h100-vllm/vllm_engine/models/prithivMLmods--gemma-4-E4B-it-FP8/model.safetensors
-------------------------------------------------------------------------------

[#28297b 0B/0B CN:1 DL:0B]
 *** Download Progress Summary as of Thu Jul 16 08:19:59 2026 *** 
===============================================================================
[#28297b 0B/0B CN:1 DL:0B]
FILE: /home/ubuntu/h100-vllm/vllm_engine/models/prithivMLmods--gemma-4-E4B-it-FP8/model.safetensors
-------------------------------------------------------------------------------

[#28297b 0B/0B CN:1 DL:0B]
 *** Download Progress Summary as of Thu Jul 16 08:20:00 2026 *** 
===============================================================================
[#28297b 0B/0B CN:1 DL:0B]
FILE: /home/ubuntu/h100-vllm/vllm_engine/models/prithivMLmods--gemma-4-E4B-it-FP8/model.safetensors
-------------------------------------------------------------------------------

[#28297b 0B/0B CN:1 DL:0B]
 *** Download Progress Summary as of Thu Jul 16 08:20:01 2026 *** 
===============================================================================
[#28297b 0B/0B CN:1 DL:0B]
FILE: /home/ubuntu/h100-vllm/vllm_engine/models/prithivMLmods--gemma-4-E4B-it-FP8/model.safetensors
-------------------------------------------------------------------------------

[#28297b 0B/0B CN:1 DL:0B]
 *** Download Progress Summary as of Thu Jul 16 08:20:02 2026 *** 
===============================================================================
[#28297b 0B/0B CN:1 DL:0B]
FILE: /home/ubuntu/h100-vllm/vllm_engine/models/prithivMLmods--gemma-4-E4B-it-FP8/model.safetensors
-------------------------------------------------------------------------------

[#28297b 0B/0B CN:1 DL:0B]
 *** Download Progress Summary as of Thu Jul 16 08:20:03 2026 *** 
===============================================================================
[#28297b 0B/0B CN:1 DL:0B]
FILE: /home/ubuntu/h100-vllm/vllm_engine/models/prithivMLmods--gemma-4-E4B-it-FP8/model.safetensors
-------------------------------------------------------------------------------

[#28297b 0B/0B CN:1 DL:0B]
 *** Download Progress Summary as of Thu Jul 16 08:20:04 2026 *** 
===============================================================================
[#28297b 0B/0B CN:1 DL:0B]
FILE: /home/ubuntu/h100-vllm/vllm_engine/models/prithivMLmods--gemma-4-E4B-it-FP8/model.safetensors
-------------------------------------------------------------------------------

[#28297b 0B/0B CN:1 DL:0B]
 *** Download Progress Summary as of Thu Jul 16 08:20:05 2026 *** 
===============================================================================
[#28297b 0B/0B CN:1 DL:0B]
FILE: /home/ubuntu/h100-vllm/vllm_engine/models/prithivMLmods--gemma-4-E4B-it-FP8/model.safetensors
-------------------------------------------------------------------------------

[#28297b 0B/0B CN:1 DL:0B]
 *** Download Progress Summary as of Thu Jul 16 08:20:06 2026 *** 
===============================================================================
[#28297b 0B/0B CN:1 DL:0B]
FILE: /home/ubuntu/h100-vllm/vllm_engine/models/prithivMLmods--gemma-4-E4B-it-FP8/model.safetensors
-------------------------------------------------------------------------------

[#28297b 0B/0B CN:1 DL:0B]
 *** Download Progress Summary as of Thu Jul 16 08:20:07 2026 *** 
===============================================================================
[#28297b 0B/0B CN:1 DL:0B]
FILE: /home/ubuntu/h100-vllm/vllm_engine/models/prithivMLmods--gemma-4-E4B-it-FP8/model.safetensors
-------------------------------------------------------------------------------

[#28297b 0B/0B CN:1 DL:0B]
 *** Download Progress Summary as of Thu Jul 16 08:20:08 2026 *** 
===============================================================================
[#28297b 0B/0B CN:1 DL:0B]
FILE: /home/ubuntu/h100-vllm/vllm_engine/models/prithivMLmods--gemma-4-E4B-it-FP8/model.safetensors
-------------------------------------------------------------------------------

[#28297b 0B/0B CN:1 DL:0B]
 *** Download Progress Summary as of Thu Jul 16 08:20:09 2026 *** 
===============================================================================
[#28297b 0B/0B CN:1 DL:0B]
FILE: /home/ubuntu/h100-vllm/vllm_engine/models/prithivMLmods--gemma-4-E4B-it-FP8/model.safetensors
-------------------------------------------------------------------------------

[#28297b 0B/0B CN:1 DL:0B]
 *** Download Progress Summary as of Thu Jul 16 08:20:10 2026 *** 
===============================================================================
[#28297b 0B/0B CN:1 DL:0B]
FILE: /home/ubuntu/h100-vllm/vllm_engine/models/prithivMLmods--gemma-4-E4B-it-FP8/model.safetensors
-------------------------------------------------------------------------------

[#28297b 0B/0B CN:1 DL:0B]
 *** Download Progress Summary as of Thu Jul 16 08:20:11 2026 *** 
===============================================================================
[#28297b 0B/0B CN:1 DL:0B]
FILE: /home/ubuntu/h100-vllm/vllm_engine/models/prithivMLmods--gemma-4-E4B-it-FP8/model.safetensors
-------------------------------------------------------------------------------

[#28297b 0B/0B CN:1 DL:0B]
 *** Download Progress Summary as of Thu Jul 16 08:20:12 2026 *** 
===============================================================================
[#28297b 0B/0B CN:1 DL:0B]
FILE: /home/ubuntu/h100-vllm/vllm_engine/models/prithivMLmods--gemma-4-E4B-it-FP8/model.safetensors
-------------------------------------------------------------------------------

[#28297b 0B/0B CN:1 DL:0B]
 *** Download Progress Summary as of Thu Jul 16 08:20:13 2026 *** 
===============================================================================
[#28297b 0B/0B CN:1 DL:0B]
FILE: /home/ubuntu/h100-vllm/vllm_engine/models/prithivMLmods--gemma-4-E4B-it-FP8/model.safetensors
-------------------------------------------------------------------------------

[#28297b 0B/0B CN:1 DL:0B]
 *** Download Progress Summary as of Thu Jul 16 08:20:14 2026 *** 
===============================================================================
[#28297b 0B/0B CN:1 DL:0B]
FILE: /home/ubuntu/h100-vllm/vllm_engine/models/prithivMLmods--gemma-4-E4B-it-FP8/model.safetensors
-------------------------------------------------------------------------------

[#28297b 0B/0B CN:1 DL:0B]
 *** Download Progress Summary as of Thu Jul 16 08:20:15 2026 *** 
===============================================================================
[#28297b 0B/0B CN:1 DL:0B]
FILE: /home/ubuntu/h100-vllm/vllm_engine/models/prithivMLmods--gemma-4-E4B-it-FP8/model.safetensors
-------------------------------------------------------------------------------

[#28297b 0B/0B CN:1 DL:0B]
 *** Download Progress Summary as of Thu Jul 16 08:20:16 2026 *** 
===============================================================================
[#28297b 0B/0B CN:1 DL:0B]
FILE: /home/ubuntu/h100-vllm/vllm_engine/models/prithivMLmods--gemma-4-E4B-it-FP8/model.safetensors
-------------------------------------------------------------------------------

[#28297b 0B/0B CN:1 DL:0B]
 *** Download Progress Summary as of Thu Jul 16 08:20:17 2026 *** 
===============================================================================
[#28297b 0B/0B CN:1 DL:0B]
FILE: /home/ubuntu/h100-vllm/vllm_engine/models/prithivMLmods--gemma-4-E4B-it-FP8/model.safetensors
-------------------------------------------------------------------------------

[#28297b 0B/0B CN:1 DL:0B]
 *** Download Progress Summary as of Thu Jul 16 08:20:18 2026 *** 
===============================================================================
[#28297b 0B/0B CN:1 DL:0B]
FILE: /home/ubuntu/h100-vllm/vllm_engine/models/prithivMLmods--gemma-4-E4B-it-FP8/model.safetensors
-------------------------------------------------------------------------------

[#28297b 0B/0B CN:1 DL:0B]
 *** Download Progress Summary as of Thu Jul 16 08:20:19 2026 *** 
===============================================================================
[#28297b 0B/0B CN:1 DL:0B]
FILE: /home/ubuntu/h100-vllm/vllm_engine/models/prithivMLmods--gemma-4-E4B-it-FP8/model.safetensors
-------------------------------------------------------------------------------

[#28297b 0B/0B CN:1 DL:0B]
 *** Download Progress Summary as of Thu Jul 16 08:20:20 2026 *** 
===============================================================================
[#28297b 0B/0B CN:1 DL:0B]
FILE: /home/ubuntu/h100-vllm/vllm_engine/models/prithivMLmods--gemma-4-E4B-it-FP8/model.safetensors
-------------------------------------------------------------------------------

[#28297b 0B/0B CN:1 DL:0B]
 *** Download Progress Summary as of Thu Jul 16 08:20:21 2026 *** 
===============================================================================
[#28297b 0B/0B CN:1 DL:0B]
FILE: /home/ubuntu/h100-vllm/vllm_engine/models/prithivMLmods--gemma-4-E4B-it-FP8/model.safetensors
-------------------------------------------------------------------------------

[#28297b 0B/0B CN:1 DL:0B]
 *** Download Progress Summary as of Thu Jul 16 08:20:22 2026 *** 
===============================================================================
[#28297b 0B/0B CN:1 DL:0B]
FILE: /home/ubuntu/h100-vllm/vllm_engine/models/prithivMLmods--gemma-4-E4B-it-FP8/model.safetensors
-------------------------------------------------------------------------------

[#28297b 0B/0B CN:1 DL:0B]
 *** Download Progress Summary as of Thu Jul 16 08:20:23 2026 *** 
===============================================================================
[#28297b 0B/0B CN:1 DL:0B]
FILE: /home/ubuntu/h100-vllm/vllm_engine/models/prithivMLmods--gemma-4-E4B-it-FP8/model.safetensors
-------------------------------------------------------------------------------

[#28297b 0B/0B CN:1 DL:0B]
 *** Download Progress Summary as of Thu Jul 16 08:20:24 2026 *** 
===============================================================================
[#28297b 0B/0B CN:1 DL:0B]
FILE: /home/ubuntu/h100-vllm/vllm_engine/models/prithivMLmods--gemma-4-E4B-it-FP8/model.safetensors
-------------------------------------------------------------------------------

[#28297b 0B/0B CN:1 DL:0B]
 *** Download Progress Summary as of Thu Jul 16 08:20:25 2026 *** 
===============================================================================
[#28297b 0B/0B CN:1 DL:0B]
FILE: /home/ubuntu/h100-vllm/vllm_engine/models/prithivMLmods--gemma-4-E4B-it-FP8/model.safetensors
-------------------------------------------------------------------------------

[#28297b 0B/0B CN:1 DL:0B]
 *** Download Progress Summary as of Thu Jul 16 08:20:26 2026 *** 
===============================================================================
[#28297b 0B/0B CN:1 DL:0B]
FILE: /home/ubuntu/h100-vllm/vllm_engine/models/prithivMLmods--gemma-4-E4B-it-FP8/model.safetensors
-------------------------------------------------------------------------------

[#28297b 0B/0B CN:1 DL:0B]
 *** Download Progress Summary as of Thu Jul 16 08:20:28 2026 *** 
===============================================================================
[#28297b 0B/0B CN:0 DL:0B]
FILE: /home/ubuntu/h100-vllm/vllm_engine/models/prithivMLmods--gemma-4-E4B-it-FP8/model.safetensors
-------------------------------------------------------------------------------

[#28297b 0B/0B CN:0 DL:0B]
 *** Download Progress Summary as of Thu Jul 16 08:20:29 2026 *** 
===============================================================================
[#28297b 0B/0B CN:0 DL:0B]
FILE: /home/ubuntu/h100-vllm/vllm_engine/models/prithivMLmods--gemma-4-E4B-it-FP8/model.safetensors
-------------------------------------------------------------------------------

[#28297b 0B/0B CN:0 DL:0B]
 *** Download Progress Summary as of Thu Jul 16 08:20:30 2026 *** 
===============================================================================
[#28297b 0B/0B CN:0 DL:0B]
FILE: /home/ubuntu/h100-vllm/vllm_engine/models/prithivMLmods--gemma-4-E4B-it-FP8/model.safetensors
-------------------------------------------------------------------------------

[#28297b 0B/0B CN:0 DL:0B]
 *** Download Progress Summary as of Thu Jul 16 08:20:31 2026 *** 
===============================================================================
[#28297b 0B/0B CN:1 DL:0B]
FILE: /home/ubuntu/h100-vllm/vllm_engine/models/prithivMLmods--gemma-4-E4B-it-FP8/model.safetensors
-------------------------------------------------------------------------------

[#28297b 0B/0B CN:1 DL:0B]
 *** Download Progress Summary as of Thu Jul 16 08:20:32 2026 *** 
===============================================================================
[#28297b 0B/0B CN:1 DL:0B]
FILE: /home/ubuntu/h100-vllm/vllm_engine/models/prithivMLmods--gemma-4-E4B-it-FP8/model.safetensors
-------------------------------------------------------------------------------

[#28297b 0B/0B CN:1 DL:0B]
 *** Download Progress Summary as of Thu Jul 16 08:20:33 2026 *** 
===============================================================================
[#28297b 0B/0B CN:1 DL:0B]
FILE: /home/ubuntu/h100-vllm/vllm_engine/models/prithivMLmods--gemma-4-E4B-it-FP8/model.safetensors
-------------------------------------------------------------------------------

[#28297b 0B/0B CN:1 DL:0B]
 *** Download Progress Summary as of Thu Jul 16 08:20:34 2026 *** 
===============================================================================
[#28297b 0B/0B CN:1 DL:0B]
FILE: /home/ubuntu/h100-vllm/vllm_engine/models/prithivMLmods--gemma-4-E4B-it-FP8/model.safetensors
-------------------------------------------------------------------------------

[#28297b 0B/0B CN:1 DL:0B]
 *** Download Progress Summary as of Thu Jul 16 08:20:35 2026 *** 
===============================================================================
[#28297b 0B/0B CN:1 DL:0B]
FILE: /home/ubuntu/h100-vllm/vllm_engine/models/prithivMLmods--gemma-4-E4B-it-FP8/model.safetensors
-------------------------------------------------------------------------------

[#28297b 0B/0B CN:1 DL:0B]
 *** Download Progress Summary as of Thu Jul 16 08:20:36 2026 *** 
===============================================================================
[#28297b 0B/0B CN:1 DL:0B]
FILE: /home/ubuntu/h100-vllm/vllm_engine/models/prithivMLmods--gemma-4-E4B-it-FP8/model.safetensors
-------------------------------------------------------------------------------

[#28297b 0B/0B CN:1 DL:0B]
 *** Download Progress Summary as of Thu Jul 16 08:20:37 2026 *** 
===============================================================================
[#28297b 0B/0B CN:1 DL:0B]
FILE: /home/ubuntu/h100-vllm/vllm_engine/models/prithivMLmods--gemma-4-E4B-it-FP8/model.safetensors
-------------------------------------------------------------------------------

[#28297b 0B/0B CN:1 DL:0B]
 *** Download Progress Summary as of Thu Jul 16 08:20:38 2026 *** 
===============================================================================
[#28297b 0B/0B CN:1 DL:0B]
FILE: /home/ubuntu/h100-vllm/vllm_engine/models/prithivMLmods--gemma-4-E4B-it-FP8/model.safetensors
-------------------------------------------------------------------------------

[#28297b 0B/0B CN:1 DL:0B]
 *** Download Progress Summary as of Thu Jul 16 08:20:39 2026 *** 
===============================================================================
[#28297b 0B/0B CN:1 DL:0B]
FILE: /home/ubuntu/h100-vllm/vllm_engine/models/prithivMLmods--gemma-4-E4B-it-FP8/model.safetensors
-------------------------------------------------------------------------------

[#28297b 0B/0B CN:1 DL:0B]
 *** Download Progress Summary as of Thu Jul 16 08:20:40 2026 *** 
===============================================================================
[#28297b 0B/0B CN:1 DL:0B]
FILE: /home/ubuntu/h100-vllm/vllm_engine/models/prithivMLmods--gemma-4-E4B-it-FP8/model.safetensors
-------------------------------------------------------------------------------

[#28297b 0B/0B CN:1 DL:0B]
 *** Download Progress Summary as of Thu Jul 16 08:20:41 2026 *** 
===============================================================================
[#28297b 0B/0B CN:1 DL:0B]
FILE: /home/ubuntu/h100-vllm/vllm_engine/models/prithivMLmods--gemma-4-E4B-it-FP8/model.safetensors
-------------------------------------------------------------------------------

[#28297b 0B/0B CN:1 DL:0B]
 *** Download Progress Summary as of Thu Jul 16 08:20:42 2026 *** 
===============================================================================
[#28297b 0B/0B CN:1 DL:0B]
FILE: /home/ubuntu/h100-vllm/vllm_engine/models/prithivMLmods--gemma-4-E4B-it-FP8/model.safetensors
-------------------------------------------------------------------------------

[#28297b 0B/0B CN:1 DL:0B]
 *** Download Progress Summary as of Thu Jul 16 08:20:43 2026 *** 
===============================================================================
[#28297b 0B/0B CN:1 DL:0B]
FILE: /home/ubuntu/h100-vllm/vllm_engine/models/prithivMLmods--gemma-4-E4B-it-FP8/model.safetensors
-------------------------------------------------------------------------------

[#28297b 0B/0B CN:1 DL:0B]
 *** Download Progress Summary as of Thu Jul 16 08:20:44 2026 *** 
===============================================================================
[#28297b 0B/0B CN:1 DL:0B]
FILE: /home/ubuntu/h100-vllm/vllm_engine/models/prithivMLmods--gemma-4-E4B-it-FP8/model.safetensors
-------------------------------------------------------------------------------

[#28297b 0B/0B CN:1 DL:0B]
 *** Download Progress Summary as of Thu Jul 16 08:20:45 2026 *** 
===============================================================================
[#28297b 0B/0B CN:1 DL:0B]
FILE: /home/ubuntu/h100-vllm/vllm_engine/models/prithivMLmods--gemma-4-E4B-it-FP8/model.safetensors
-------------------------------------------------------------------------------

[#28297b 0B/0B CN:1 DL:0B]
 *** Download Progress Summary as of Thu Jul 16 08:20:46 2026 *** 
===============================================================================
[#28297b 0B/0B CN:1 DL:0B]
FILE: /home/ubuntu/h100-vllm/vllm_engine/models/prithivMLmods--gemma-4-E4B-it-FP8/model.safetensors
-------------------------------------------------------------------------------

[#28297b 0B/0B CN:1 DL:0B]
 *** Download Progress Summary as of Thu Jul 16 08:20:47 2026 *** 
===============================================================================
[#28297b 0B/0B CN:1 DL:0B]
FILE: /home/ubuntu/h100-vllm/vllm_engine/models/prithivMLmods--gemma-4-E4B-it-FP8/model.safetensors
-------------------------------------------------------------------------------

[#28297b 0B/0B CN:1 DL:0B]
 *** Download Progress Summary as of Thu Jul 16 08:20:48 2026 *** 
===============================================================================
[#28297b 0B/0B CN:1 DL:0B]
FILE: /home/ubuntu/h100-vllm/vllm_engine/models/prithivMLmods--gemma-4-E4B-it-FP8/model.safetensors
-------------------------------------------------------------------------------

[#28297b 0B/0B CN:1 DL:0B]
 *** Download Progress Summary as of Thu Jul 16 08:20:49 2026 *** 
===============================================================================
[#28297b 0B/0B CN:1 DL:0B]
FILE: /home/ubuntu/h100-vllm/vllm_engine/models/prithivMLmods--gemma-4-E4B-it-FP8/model.safetensors
-------------------------------------------------------------------------------

[#28297b 0B/0B CN:1 DL:0B]
 *** Download Progress Summary as of Thu Jul 16 08:20:50 2026 *** 
===============================================================================
[#28297b 0B/0B CN:1 DL:0B]
FILE: /home/ubuntu/h100-vllm/vllm_engine/models/prithivMLmods--gemma-4-E4B-it-FP8/model.safetensors
-------------------------------------------------------------------------------

[#28297b 0B/0B CN:1 DL:0B]
 *** Download Progress Summary as of Thu Jul 16 08:20:51 2026 *** 
===============================================================================
[#28297b 0B/0B CN:1 DL:0B]
FILE: /home/ubuntu/h100-vllm/vllm_engine/models/prithivMLmods--gemma-4-E4B-it-FP8/model.safetensors
-------------------------------------------------------------------------------

[#28297b 0B/0B CN:1 DL:0B]
 *** Download Progress Summary as of Thu Jul 16 08:20:52 2026 *** 
===============================================================================
[#28297b 0B/0B CN:1 DL:0B]
FILE: /home/ubuntu/h100-vllm/vllm_engine/models/prithivMLmods--gemma-4-E4B-it-FP8/model.safetensors
-------------------------------------------------------------------------------

[#28297b 0B/0B CN:1 DL:0B]
 *** Download Progress Summary as of Thu Jul 16 08:20:53 2026 *** 
===============================================================================
[#28297b 0B/0B CN:1 DL:0B]
FILE: /home/ubuntu/h100-vllm/vllm_engine/models/prithivMLmods--gemma-4-E4B-it-FP8/model.safetensors
-------------------------------------------------------------------------------

[#28297b 0B/0B CN:1 DL:0B]
 *** Download Progress Summary as of Thu Jul 16 08:20:54 2026 *** 
===============================================================================
[#28297b 0B/0B CN:1 DL:0B]
FILE: /home/ubuntu/h100-vllm/vllm_engine/models/prithivMLmods--gemma-4-E4B-it-FP8/model.safetensors
-------------------------------------------------------------------------------

[#28297b 0B/0B CN:1 DL:0B]
 *** Download Progress Summary as of Thu Jul 16 08:20:55 2026 *** 
===============================================================================
[#28297b 0B/0B CN:1 DL:0B]
FILE: /home/ubuntu/h100-vllm/vllm_engine/models/prithivMLmods--gemma-4-E4B-it-FP8/model.safetensors
-------------------------------------------------------------------------------

[#28297b 0B/0B CN:1 DL:0B]
 *** Download Progress Summary as of Thu Jul 16 08:20:56 2026 *** 
===============================================================================
[#28297b 0B/0B CN:1 DL:0B]
FILE: /home/ubuntu/h100-vllm/vllm_engine/models/prithivMLmods--gemma-4-E4B-it-FP8/model.safetensors
-------------------------------------------------------------------------------

[#28297b 0B/0B CN:1 DL:0B]
 *** Download Progress Summary as of Thu Jul 16 08:20:57 2026 *** 
===============================================================================
[#28297b 0B/0B CN:1 DL:0B]
FILE: /home/ubuntu/h100-vllm/vllm_engine/models/prithivMLmods--gemma-4-E4B-it-FP8/model.safetensors
-------------------------------------------------------------------------------

[#28297b 0B/0B CN:1 DL:0B]
 *** Download Progress Summary as of Thu Jul 16 08:20:58 2026 *** 
===============================================================================
[#28297b 0B/0B CN:1 DL:0B]
FILE: /home/ubuntu/h100-vllm/vllm_engine/models/prithivMLmods--gemma-4-E4B-it-FP8/model.safetensors
-------------------------------------------------------------------------------

[#28297b 0B/0B CN:1 DL:0B]
 *** Download Progress Summary as of Thu Jul 16 08:20:59 2026 *** 
===============================================================================
[#28297b 0B/0B CN:1 DL:0B]
FILE: /home/ubuntu/h100-vllm/vllm_engine/models/prithivMLmods--gemma-4-E4B-it-FP8/model.safetensors
-------------------------------------------------------------------------------

[#28297b 0B/0B CN:1 DL:0B]
 *** Download Progress Summary as of Thu Jul 16 08:21:00 2026 *** 
===============================================================================
[#28297b 0B/0B CN:1 DL:0B]
FILE: /home/ubuntu/h100-vllm/vllm_engine/models/prithivMLmods--gemma-4-E4B-it-FP8/model.safetensors
-------------------------------------------------------------------------------

[#28297b 0B/0B CN:1 DL:0B]
 *** Download Progress Summary as of Thu Jul 16 08:21:01 2026 *** 
===============================================================================
[#28297b 0B/0B CN:0 DL:0B]
FILE: /home/ubuntu/h100-vllm/vllm_engine/models/prithivMLmods--gemma-4-E4B-it-FP8/model.safetensors
-------------------------------------------------------------------------------

[#28297b 0B/0B CN:0 DL:0B]
 *** Download Progress Summary as of Thu Jul 16 08:21:02 2026 *** 
===============================================================================
[#28297b 0B/0B CN:0 DL:0B]
FILE: /home/ubuntu/h100-vllm/vllm_engine/models/prithivMLmods--gemma-4-E4B-it-FP8/model.safetensors
-------------------------------------------------------------------------------

[#28297b 0B/0B CN:0 DL:0B]
 *** Download Progress Summary as of Thu Jul 16 08:21:03 2026 *** 
===============================================================================
[#28297b 0B/0B CN:0 DL:0B]
FILE: /home/ubuntu/h100-vllm/vllm_engine/models/prithivMLmods--gemma-4-E4B-it-FP8/model.safetensors
-------------------------------------------------------------------------------

[#28297b 0B/0B CN:0 DL:0B]
 *** Download Progress Summary as of Thu Jul 16 08:21:04 2026 *** 
===============================================================================
[#28297b 0B/0B CN:1 DL:0B]
FILE: /home/ubuntu/h100-vllm/vllm_engine/models/prithivMLmods--gemma-4-E4B-it-FP8/model.safetensors
-------------------------------------------------------------------------------

[#28297b 0B/0B CN:1 DL:0B]
 *** Download Progress Summary as of Thu Jul 16 08:21:05 2026 *** 
===============================================================================
[#28297b 0B/0B CN:1 DL:0B]
FILE: /home/ubuntu/h100-vllm/vllm_engine/models/prithivMLmods--gemma-4-E4B-it-FP8/model.safetensors
-------------------------------------------------------------------------------

[#28297b 0B/0B CN:1 DL:0B]
 *** Download Progress Summary as of Thu Jul 16 08:21:06 2026 *** 
===============================================================================
[#28297b 0B/0B CN:1 DL:0B]
FILE: /home/ubuntu/h100-vllm/vllm_engine/models/prithivMLmods--gemma-4-E4B-it-FP8/model.safetensors
-------------------------------------------------------------------------------

[#28297b 0B/0B CN:1 DL:0B]
 *** Download Progress Summary as of Thu Jul 16 08:21:07 2026 *** 
===============================================================================
[#28297b 0B/0B CN:1 DL:0B]
FILE: /home/ubuntu/h100-vllm/vllm_engine/models/prithivMLmods--gemma-4-E4B-it-FP8/model.safetensors
-------------------------------------------------------------------------------

[#28297b 0B/0B CN:1 DL:0B]
 *** Download Progress Summary as of Thu Jul 16 08:21:08 2026 *** 
===============================================================================
[#28297b 0B/0B CN:1 DL:0B]
FILE: /home/ubuntu/h100-vllm/vllm_engine/models/prithivMLmods--gemma-4-E4B-it-FP8/model.safetensors
-------------------------------------------------------------------------------

[#28297b 0B/0B CN:1 DL:0B]
 *** Download Progress Summary as of Thu Jul 16 08:21:09 2026 *** 
===============================================================================
[#28297b 0B/0B CN:1 DL:0B]
FILE: /home/ubuntu/h100-vllm/vllm_engine/models/prithivMLmods--gemma-4-E4B-it-FP8/model.safetensors
-------------------------------------------------------------------------------

[#28297b 0B/0B CN:1 DL:0B]
 *** Download Progress Summary as of Thu Jul 16 08:21:10 2026 *** 
===============================================================================
[#28297b 0B/0B CN:1 DL:0B]
FILE: /home/ubuntu/h100-vllm/vllm_engine/models/prithivMLmods--gemma-4-E4B-it-FP8/model.safetensors
-------------------------------------------------------------------------------

[#28297b 0B/0B CN:1 DL:0B]
 *** Download Progress Summary as of Thu Jul 16 08:21:11 2026 *** 
===============================================================================
[#28297b 0B/0B CN:1 DL:0B]
FILE: /home/ubuntu/h100-vllm/vllm_engine/models/prithivMLmods--gemma-4-E4B-it-FP8/model.safetensors
-------------------------------------------------------------------------------

[#28297b 0B/0B CN:1 DL:0B]
 *** Download Progress Summary as of Thu Jul 16 08:21:12 2026 *** 
===============================================================================
[#28297b 0B/0B CN:1 DL:0B]
FILE: /home/ubuntu/h100-vllm/vllm_engine/models/prithivMLmods--gemma-4-E4B-it-FP8/model.safetensors
-------------------------------------------------------------------------------

[#28297b 0B/0B CN:1 DL:0B]
 *** Download Progress Summary as of Thu Jul 16 08:21:13 2026 *** 
===============================================================================
[#28297b 0B/0B CN:1 DL:0B]
FILE: /home/ubuntu/h100-vllm/vllm_engine/models/prithivMLmods--gemma-4-E4B-it-FP8/model.safetensors
-------------------------------------------------------------------------------

[#28297b 0B/0B CN:1 DL:0B]
 *** Download Progress Summary as of Thu Jul 16 08:21:14 2026 *** 
===============================================================================
[#28297b 0B/0B CN:1 DL:0B]
FILE: /home/ubuntu/h100-vllm/vllm_engine/models/prithivMLmods--gemma-4-E4B-it-FP8/model.safetensors
-------------------------------------------------------------------------------

[#28297b 0B/0B CN:1 DL:0B]
 *** Download Progress Summary as of Thu Jul 16 08:21:15 2026 *** 
===============================================================================
[#28297b 0B/0B CN:1 DL:0B]
FILE: /home/ubuntu/h100-vllm/vllm_engine/models/prithivMLmods--gemma-4-E4B-it-FP8/model.safetensors
-------------------------------------------------------------------------------

[#28297b 0B/0B CN:1 DL:0B]
 *** Download Progress Summary as of Thu Jul 16 08:21:16 2026 *** 
===============================================================================
[#28297b 0B/0B CN:1 DL:0B]
FILE: /home/ubuntu/h100-vllm/vllm_engine/models/prithivMLmods--gemma-4-E4B-it-FP8/model.safetensors
-------------------------------------------------------------------------------

[#28297b 0B/0B CN:1 DL:0B]
 *** Download Progress Summary as of Thu Jul 16 08:21:17 2026 *** 
===============================================================================
[#28297b 0B/0B CN:1 DL:0B]
FILE: /home/ubuntu/h100-vllm/vllm_engine/models/prithivMLmods--gemma-4-E4B-it-FP8/model.safetensors
-------------------------------------------------------------------------------

[#28297b 0B/0B CN:1 DL:0B]
 *** Download Progress Summary as of Thu Jul 16 08:21:18 2026 *** 
===============================================================================
[#28297b 0B/0B CN:1 DL:0B]
FILE: /home/ubuntu/h100-vllm/vllm_engine/models/prithivMLmods--gemma-4-E4B-it-FP8/model.safetensors
-------------------------------------------------------------------------------

[#28297b 0B/0B CN:1 DL:0B]
 *** Download Progress Summary as of Thu Jul 16 08:21:19 2026 *** 
===============================================================================
[#28297b 0B/0B CN:1 DL:0B]
FILE: /home/ubuntu/h100-vllm/vllm_engine/models/prithivMLmods--gemma-4-E4B-it-FP8/model.safetensors
-------------------------------------------------------------------------------

[#28297b 0B/0B CN:1 DL:0B]
 *** Download Progress Summary as of Thu Jul 16 08:21:20 2026 *** 
===============================================================================
[#28297b 0B/0B CN:1 DL:0B]
FILE: /home/ubuntu/h100-vllm/vllm_engine/models/prithivMLmods--gemma-4-E4B-it-FP8/model.safetensors
-------------------------------------------------------------------------------

[#28297b 0B/0B CN:1 DL:0B]
 *** Download Progress Summary as of Thu Jul 16 08:21:21 2026 *** 
===============================================================================
[#28297b 0B/0B CN:1 DL:0B]
FILE: /home/ubuntu/h100-vllm/vllm_engine/models/prithivMLmods--gemma-4-E4B-it-FP8/model.safetensors
-------------------------------------------------------------------------------

[#28297b 0B/0B CN:1 DL:0B]
 *** Download Progress Summary as of Thu Jul 16 08:21:22 2026 *** 
===============================================================================
[#28297b 0B/0B CN:1 DL:0B]
FILE: /home/ubuntu/h100-vllm/vllm_engine/models/prithivMLmods--gemma-4-E4B-it-FP8/model.safetensors
-------------------------------------------------------------------------------

[#28297b 0B/0B CN:1 DL:0B]
 *** Download Progress Summary as of Thu Jul 16 08:21:23 2026 *** 
===============================================================================
[#28297b 0B/0B CN:1 DL:0B]
FILE: /home/ubuntu/h100-vllm/vllm_engine/models/prithivMLmods--gemma-4-E4B-it-FP8/model.safetensors
-------------------------------------------------------------------------------

[#28297b 0B/0B CN:1 DL:0B]
 *** Download Progress Summary as of Thu Jul 16 08:21:24 2026 *** 
===============================================================================
[#28297b 0B/0B CN:1 DL:0B]
FILE: /home/ubuntu/h100-vllm/vllm_engine/models/prithivMLmods--gemma-4-E4B-it-FP8/model.safetensors
-------------------------------------------------------------------------------

[#28297b 0B/0B CN:1 DL:0B]
 *** Download Progress Summary as of Thu Jul 16 08:21:25 2026 *** 
===============================================================================
[#28297b 0B/0B CN:1 DL:0B]
FILE: /home/ubuntu/h100-vllm/vllm_engine/models/prithivMLmods--gemma-4-E4B-it-FP8/model.safetensors
-------------------------------------------------------------------------------

[#28297b 0B/0B CN:1 DL:0B]
 *** Download Progress Summary as of Thu Jul 16 08:21:26 2026 *** 
===============================================================================
[#28297b 0B/0B CN:1 DL:0B]
FILE: /home/ubuntu/h100-vllm/vllm_engine/models/prithivMLmods--gemma-4-E4B-it-FP8/model.safetensors
-------------------------------------------------------------------------------

[#28297b 0B/0B CN:1 DL:0B]
 *** Download Progress Summary as of Thu Jul 16 08:21:27 2026 *** 
===============================================================================
[#28297b 0B/0B CN:1 DL:0B]
FILE: /home/ubuntu/h100-vllm/vllm_engine/models/prithivMLmods--gemma-4-E4B-it-FP8/model.safetensors
-------------------------------------------------------------------------------

[#28297b 0B/0B CN:1 DL:0B]
 *** Download Progress Summary as of Thu Jul 16 08:21:28 2026 *** 
===============================================================================
[#28297b 0B/0B CN:1 DL:0B]
FILE: /home/ubuntu/h100-vllm/vllm_engine/models/prithivMLmods--gemma-4-E4B-it-FP8/model.safetensors
-------------------------------------------------------------------------------

[#28297b 0B/0B CN:1 DL:0B]
 *** Download Progress Summary as of Thu Jul 16 08:21:29 2026 *** 
===============================================================================
[#28297b 0B/0B CN:1 DL:0B]
FILE: /home/ubuntu/h100-vllm/vllm_engine/models/prithivMLmods--gemma-4-E4B-it-FP8/model.safetensors
-------------------------------------------------------------------------------

[#28297b 0B/0B CN:1 DL:0B]
 *** Download Progress Summary as of Thu Jul 16 08:21:30 2026 *** 
===============================================================================
[#28297b 0B/0B CN:1 DL:0B]
FILE: /home/ubuntu/h100-vllm/vllm_engine/models/prithivMLmods--gemma-4-E4B-it-FP8/model.safetensors
-------------------------------------------------------------------------------

[#28297b 0B/0B CN:1 DL:0B]
 *** Download Progress Summary as of Thu Jul 16 08:21:31 2026 *** 
===============================================================================
[#28297b 0B/0B CN:1 DL:0B]
FILE: /home/ubuntu/h100-vllm/vllm_engine/models/prithivMLmods--gemma-4-E4B-it-FP8/model.safetensors
-------------------------------------------------------------------------------

[#28297b 0B/0B CN:1 DL:0B]
 *** Download Progress Summary as of Thu Jul 16 08:21:32 2026 *** 
===============================================================================
[#28297b 0B/0B CN:1 DL:0B]
FILE: /home/ubuntu/h100-vllm/vllm_engine/models/prithivMLmods--gemma-4-E4B-it-FP8/model.safetensors
-------------------------------------------------------------------------------

[#28297b 0B/0B CN:1 DL:0B]
 *** Download Progress Summary as of Thu Jul 16 08:21:33 2026 *** 
===============================================================================
[#28297b 0B/0B CN:1 DL:0B]
FILE: /home/ubuntu/h100-vllm/vllm_engine/models/prithivMLmods--gemma-4-E4B-it-FP8/model.safetensors
-------------------------------------------------------------------------------

[#28297b 0B/0B CN:1 DL:0B]
 *** Download Progress Summary as of Thu Jul 16 08:21:34 2026 *** 
===============================================================================
[#28297b 0B/0B CN:0 DL:0B]
FILE: /home/ubuntu/h100-vllm/vllm_engine/models/prithivMLmods--gemma-4-E4B-it-FP8/model.safetensors
-------------------------------------------------------------------------------

[#28297b 0B/0B CN:0 DL:0B]
 *** Download Progress Summary as of Thu Jul 16 08:21:35 2026 *** 
===============================================================================
[#28297b 0B/0B CN:0 DL:0B]
FILE: /home/ubuntu/h100-vllm/vllm_engine/models/prithivMLmods--gemma-4-E4B-it-FP8/model.safetensors
-------------------------------------------------------------------------------

[#28297b 0B/0B CN:0 DL:0B]
 *** Download Progress Summary as of Thu Jul 16 08:21:36 2026 *** 
===============================================================================
[#28297b 0B/0B CN:0 DL:0B]
FILE: /home/ubuntu/h100-vllm/vllm_engine/models/prithivMLmods--gemma-4-E4B-it-FP8/model.safetensors
-------------------------------------------------------------------------------

[#28297b 0B/0B CN:0 DL:0B]
 *** Download Progress Summary as of Thu Jul 16 08:21:37 2026 *** 
===============================================================================
[#28297b 0B/0B CN:1 DL:0B]
FILE: /home/ubuntu/h100-vllm/vllm_engine/models/prithivMLmods--gemma-4-E4B-it-FP8/model.safetensors
-------------------------------------------------------------------------------

[#28297b 0B/0B CN:1 DL:0B]
 *** Download Progress Summary as of Thu Jul 16 08:21:38 2026 *** 
===============================================================================
[#28297b 0B/0B CN:1 DL:0B]
FILE: /home/ubuntu/h100-vllm/vllm_engine/models/prithivMLmods--gemma-4-E4B-it-FP8/model.safetensors
-------------------------------------------------------------------------------

[#28297b 0B/0B CN:1 DL:0B]
 *** Download Progress Summary as of Thu Jul 16 08:21:39 2026 *** 
===============================================================================
[#28297b 0B/0B CN:1 DL:0B]
FILE: /home/ubuntu/h100-vllm/vllm_engine/models/prithivMLmods--gemma-4-E4B-it-FP8/model.safetensors
-------------------------------------------------------------------------------

[#28297b 0B/0B CN:1 DL:0B]
 *** Download Progress Summary as of Thu Jul 16 08:21:40 2026 *** 
===============================================================================
[#28297b 0B/0B CN:1 DL:0B]
FILE: /home/ubuntu/h100-vllm/vllm_engine/models/prithivMLmods--gemma-4-E4B-it-FP8/model.safetensors
-------------------------------------------------------------------------------

[#28297b 0B/0B CN:1 DL:0B]
 *** Download Progress Summary as of Thu Jul 16 08:21:41 2026 *** 
===============================================================================
[#28297b 0B/0B CN:1 DL:0B]
FILE: /home/ubuntu/h100-vllm/vllm_engine/models/prithivMLmods--gemma-4-E4B-it-FP8/model.safetensors
-------------------------------------------------------------------------------

[#28297b 0B/0B CN:1 DL:0B]
 *** Download Progress Summary as of Thu Jul 16 08:21:42 2026 *** 
===============================================================================
[#28297b 0B/0B CN:1 DL:0B]
FILE: /home/ubuntu/h100-vllm/vllm_engine/models/prithivMLmods--gemma-4-E4B-it-FP8/model.safetensors
-------------------------------------------------------------------------------

[#28297b 0B/0B CN:1 DL:0B]
 *** Download Progress Summary as of Thu Jul 16 08:21:43 2026 *** 
===============================================================================
[#28297b 0B/0B CN:1 DL:0B]
FILE: /home/ubuntu/h100-vllm/vllm_engine/models/prithivMLmods--gemma-4-E4B-it-FP8/model.safetensors
-------------------------------------------------------------------------------

[#28297b 0B/0B CN:1 DL:0B]
 *** Download Progress Summary as of Thu Jul 16 08:21:44 2026 *** 
===============================================================================
[#28297b 0B/0B CN:1 DL:0B]
FILE: /home/ubuntu/h100-vllm/vllm_engine/models/prithivMLmods--gemma-4-E4B-it-FP8/model.safetensors
-------------------------------------------------------------------------------

[#28297b 0B/0B CN:1 DL:0B]
 *** Download Progress Summary as of Thu Jul 16 08:21:45 2026 *** 
===============================================================================
[#28297b 0B/0B CN:1 DL:0B]
FILE: /home/ubuntu/h100-vllm/vllm_engine/models/prithivMLmods--gemma-4-E4B-it-FP8/model.safetensors
-------------------------------------------------------------------------------

[#28297b 0B/0B CN:1 DL:0B]
 *** Download Progress Summary as of Thu Jul 16 08:21:46 2026 *** 
===============================================================================
[#28297b 0B/0B CN:1 DL:0B]
FILE: /home/ubuntu/h100-vllm/vllm_engine/models/prithivMLmods--gemma-4-E4B-it-FP8/model.safetensors
-------------------------------------------------------------------------------

[#28297b 0B/0B CN:1 DL:0B]
 *** Download Progress Summary as of Thu Jul 16 08:21:47 2026 *** 
===============================================================================
[#28297b 0B/0B CN:1 DL:0B]
FILE: /home/ubuntu/h100-vllm/vllm_engine/models/prithivMLmods--gemma-4-E4B-it-FP8/model.safetensors
-------------------------------------------------------------------------------

[#28297b 0B/0B CN:1 DL:0B]
 *** Download Progress Summary as of Thu Jul 16 08:21:48 2026 *** 
===============================================================================
[#28297b 0B/0B CN:1 DL:0B]
FILE: /home/ubuntu/h100-vllm/vllm_engine/models/prithivMLmods--gemma-4-E4B-it-FP8/model.safetensors
-------------------------------------------------------------------------------

[#28297b 0B/0B CN:1 DL:0B]
 *** Download Progress Summary as of Thu Jul 16 08:21:49 2026 *** 
===============================================================================
[#28297b 0B/0B CN:1 DL:0B]
FILE: /home/ubuntu/h100-vllm/vllm_engine/models/prithivMLmods--gemma-4-E4B-it-FP8/model.safetensors
-------------------------------------------------------------------------------

[#28297b 0B/0B CN:1 DL:0B]
 *** Download Progress Summary as of Thu Jul 16 08:21:50 2026 *** 
===============================================================================
[#28297b 0B/0B CN:1 DL:0B]
FILE: /home/ubuntu/h100-vllm/vllm_engine/models/prithivMLmods--gemma-4-E4B-it-FP8/model.safetensors
-------------------------------------------------------------------------------

[#28297b 0B/0B CN:1 DL:0B]
 *** Download Progress Summary as of Thu Jul 16 08:21:51 2026 *** 
===============================================================================
[#28297b 0B/0B CN:1 DL:0B]
FILE: /home/ubuntu/h100-vllm/vllm_engine/models/prithivMLmods--gemma-4-E4B-it-FP8/model.safetensors
-------------------------------------------------------------------------------

[#28297b 0B/0B CN:1 DL:0B]
 *** Download Progress Summary as of Thu Jul 16 08:21:52 2026 *** 
===============================================================================
[#28297b 0B/0B CN:1 DL:0B]
FILE: /home/ubuntu/h100-vllm/vllm_engine/models/prithivMLmods--gemma-4-E4B-it-FP8/model.safetensors
-------------------------------------------------------------------------------

[#28297b 0B/0B CN:1 DL:0B]
 *** Download Progress Summary as of Thu Jul 16 08:21:53 2026 *** 
===============================================================================
[#28297b 0B/0B CN:1 DL:0B]
FILE: /home/ubuntu/h100-vllm/vllm_engine/models/prithivMLmods--gemma-4-E4B-it-FP8/model.safetensors
-------------------------------------------------------------------------------

[#28297b 0B/0B CN:1 DL:0B]
 *** Download Progress Summary as of Thu Jul 16 08:21:54 2026 *** 
===============================================================================
[#28297b 0B/0B CN:1 DL:0B]
FILE: /home/ubuntu/h100-vllm/vllm_engine/models/prithivMLmods--gemma-4-E4B-it-FP8/model.safetensors
-------------------------------------------------------------------------------

[#28297b 0B/0B CN:1 DL:0B]
 *** Download Progress Summary as of Thu Jul 16 08:21:55 2026 *** 
===============================================================================
[#28297b 0B/0B CN:1 DL:0B]
FILE: /home/ubuntu/h100-vllm/vllm_engine/models/prithivMLmods--gemma-4-E4B-it-FP8/model.safetensors
-------------------------------------------------------------------------------

[#28297b 0B/0B CN:1 DL:0B]
 *** Download Progress Summary as of Thu Jul 16 08:21:56 2026 *** 
===============================================================================
[#28297b 0B/0B CN:1 DL:0B]
FILE: /home/ubuntu/h100-vllm/vllm_engine/models/prithivMLmods--gemma-4-E4B-it-FP8/model.safetensors
-------------------------------------------------------------------------------

[#28297b 0B/0B CN:1 DL:0B]
 *** Download Progress Summary as of Thu Jul 16 08:21:57 2026 *** 
===============================================================================
[#28297b 0B/0B CN:1 DL:0B]
FILE: /home/ubuntu/h100-vllm/vllm_engine/models/prithivMLmods--gemma-4-E4B-it-FP8/model.safetensors
-------------------------------------------------------------------------------

[#28297b 0B/0B CN:1 DL:0B]
 *** Download Progress Summary as of Thu Jul 16 08:21:58 2026 *** 
===============================================================================
[#28297b 0B/0B CN:1 DL:0B]
FILE: /home/ubuntu/h100-vllm/vllm_engine/models/prithivMLmods--gemma-4-E4B-it-FP8/model.safetensors
-------------------------------------------------------------------------------

[#28297b 0B/0B CN:1 DL:0B]
 *** Download Progress Summary as of Thu Jul 16 08:21:59 2026 *** 
===============================================================================
[#28297b 0B/0B CN:1 DL:0B]
FILE: /home/ubuntu/h100-vllm/vllm_engine/models/prithivMLmods--gemma-4-E4B-it-FP8/model.safetensors
-------------------------------------------------------------------------------

[#28297b 0B/0B CN:1 DL:0B]
 *** Download Progress Summary as of Thu Jul 16 08:22:00 2026 *** 
===============================================================================
[#28297b 0B/0B CN:1 DL:0B]
FILE: /home/ubuntu/h100-vllm/vllm_engine/models/prithivMLmods--gemma-4-E4B-it-FP8/model.safetensors
-------------------------------------------------------------------------------

[#28297b 0B/0B CN:1 DL:0B]
 *** Download Progress Summary as of Thu Jul 16 08:22:01 2026 *** 
===============================================================================
[#28297b 0B/0B CN:1 DL:0B]
FILE: /home/ubuntu/h100-vllm/vllm_engine/models/prithivMLmods--gemma-4-E4B-it-FP8/model.safetensors
-------------------------------------------------------------------------------

[#28297b 0B/0B CN:1 DL:0B]
 *** Download Progress Summary as of Thu Jul 16 08:22:02 2026 *** 
===============================================================================
[#28297b 0B/0B CN:1 DL:0B]
FILE: /home/ubuntu/h100-vllm/vllm_engine/models/prithivMLmods--gemma-4-E4B-it-FP8/model.safetensors
-------------------------------------------------------------------------------

[#28297b 0B/0B CN:1 DL:0B]
 *** Download Progress Summary as of Thu Jul 16 08:22:03 2026 *** 
===============================================================================
[#28297b 0B/0B CN:1 DL:0B]
FILE: /home/ubuntu/h100-vllm/vllm_engine/models/prithivMLmods--gemma-4-E4B-it-FP8/model.safetensors
-------------------------------------------------------------------------------

[#28297b 0B/0B CN:1 DL:0B]
 *** Download Progress Summary as of Thu Jul 16 08:22:04 2026 *** 
===============================================================================
[#28297b 0B/0B CN:1 DL:0B]
FILE: /home/ubuntu/h100-vllm/vllm_engine/models/prithivMLmods--gemma-4-E4B-it-FP8/model.safetensors
-------------------------------------------------------------------------------

[#28297b 0B/0B CN:1 DL:0B]
 *** Download Progress Summary as of Thu Jul 16 08:22:05 2026 *** 
===============================================================================
[#28297b 0B/0B CN:1 DL:0B]
FILE: /home/ubuntu/h100-vllm/vllm_engine/models/prithivMLmods--gemma-4-E4B-it-FP8/model.safetensors
-------------------------------------------------------------------------------

[#28297b 0B/0B CN:1 DL:0B]
 *** Download Progress Summary as of Thu Jul 16 08:22:06 2026 *** 
===============================================================================
[#28297b 0B/0B CN:1 DL:0B]
FILE: /home/ubuntu/h100-vllm/vllm_engine/models/prithivMLmods--gemma-4-E4B-it-FP8/model.safetensors
-------------------------------------------------------------------------------

[#28297b 0B/0B CN:1 DL:0B]
 *** Download Progress Summary as of Thu Jul 16 08:22:08 2026 *** 
===============================================================================
[#28297b 0B/0B CN:0 DL:0B]
FILE: /home/ubuntu/h100-vllm/vllm_engine/models/prithivMLmods--gemma-4-E4B-it-FP8/model.safetensors
-------------------------------------------------------------------------------

[#28297b 0B/0B CN:0 DL:0B]
 *** Download Progress Summary as of Thu Jul 16 08:22:09 2026 *** 
===============================================================================
[#28297b 0B/0B CN:0 DL:0B]
FILE: /home/ubuntu/h100-vllm/vllm_engine/models/prithivMLmods--gemma-4-E4B-it-FP8/model.safetensors
-------------------------------------------------------------------------------

[#28297b 0B/0B CN:0 DL:0B]
 *** Download Progress Summary as of Thu Jul 16 08:22:10 2026 *** 
===============================================================================
[#28297b 0B/0B CN:0 DL:0B]
FILE: /home/ubuntu/h100-vllm/vllm_engine/models/prithivMLmods--gemma-4-E4B-it-FP8/model.safetensors
-------------------------------------------------------------------------------

[#28297b 0B/0B CN:0 DL:0B]
 *** Download Progress Summary as of Thu Jul 16 08:22:11 2026 *** 
===============================================================================
[#28297b 0B/0B CN:1 DL:0B]
FILE: /home/ubuntu/h100-vllm/vllm_engine/models/prithivMLmods--gemma-4-E4B-it-FP8/model.safetensors
-------------------------------------------------------------------------------

[#28297b 0B/0B CN:1 DL:0B]
 *** Download Progress Summary as of Thu Jul 16 08:22:12 2026 *** 
===============================================================================
[#28297b 0B/0B CN:1 DL:0B]
FILE: /home/ubuntu/h100-vllm/vllm_engine/models/prithivMLmods--gemma-4-E4B-it-FP8/model.safetensors
-------------------------------------------------------------------------------

[#28297b 0B/0B CN:1 DL:0B]
 *** Download Progress Summary as of Thu Jul 16 08:22:13 2026 *** 
===============================================================================
[#28297b 0B/0B CN:1 DL:0B]
FILE: /home/ubuntu/h100-vllm/vllm_engine/models/prithivMLmods--gemma-4-E4B-it-FP8/model.safetensors
-------------------------------------------------------------------------------

[#28297b 0B/0B CN:1 DL:0B]
 *** Download Progress Summary as of Thu Jul 16 08:22:14 2026 *** 
===============================================================================
[#28297b 0B/0B CN:1 DL:0B]
FILE: /home/ubuntu/h100-vllm/vllm_engine/models/prithivMLmods--gemma-4-E4B-it-FP8/model.safetensors
-------------------------------------------------------------------------------

[#28297b 0B/0B CN:1 DL:0B]
 *** Download Progress Summary as of Thu Jul 16 08:22:15 2026 *** 
===============================================================================
[#28297b 0B/0B CN:1 DL:0B]
FILE: /home/ubuntu/h100-vllm/vllm_engine/models/prithivMLmods--gemma-4-E4B-it-FP8/model.safetensors
-------------------------------------------------------------------------------

[#28297b 0B/0B CN:1 DL:0B]
 *** Download Progress Summary as of Thu Jul 16 08:22:16 2026 *** 
===============================================================================
[#28297b 0B/0B CN:1 DL:0B]
FILE: /home/ubuntu/h100-vllm/vllm_engine/models/prithivMLmods--gemma-4-E4B-it-FP8/model.safetensors
-------------------------------------------------------------------------------

[#28297b 0B/0B CN:1 DL:0B]
 *** Download Progress Summary as of Thu Jul 16 08:22:17 2026 *** 
===============================================================================
[#28297b 0B/0B CN:1 DL:0B]
FILE: /home/ubuntu/h100-vllm/vllm_engine/models/prithivMLmods--gemma-4-E4B-it-FP8/model.safetensors
-------------------------------------------------------------------------------

[#28297b 0B/0B CN:1 DL:0B]
 *** Download Progress Summary as of Thu Jul 16 08:22:18 2026 *** 
===============================================================================
[#28297b 0B/0B CN:1 DL:0B]
FILE: /home/ubuntu/h100-vllm/vllm_engine/models/prithivMLmods--gemma-4-E4B-it-FP8/model.safetensors
-------------------------------------------------------------------------------

[#28297b 0B/0B CN:1 DL:0B]
 *** Download Progress Summary as of Thu Jul 16 08:22:19 2026 *** 
===============================================================================
[#28297b 0B/0B CN:1 DL:0B]
FILE: /home/ubuntu/h100-vllm/vllm_engine/models/prithivMLmods--gemma-4-E4B-it-FP8/model.safetensors
-------------------------------------------------------------------------------

[#28297b 0B/0B CN:1 DL:0B]
 *** Download Progress Summary as of Thu Jul 16 08:22:20 2026 *** 
===============================================================================
[#28297b 0B/0B CN:1 DL:0B]
FILE: /home/ubuntu/h100-vllm/vllm_engine/models/prithivMLmods--gemma-4-E4B-it-FP8/model.safetensors
-------------------------------------------------------------------------------

[#28297b 0B/0B CN:1 DL:0B]
 *** Download Progress Summary as of Thu Jul 16 08:22:21 2026 *** 
===============================================================================
[#28297b 0B/0B CN:1 DL:0B]
FILE: /home/ubuntu/h100-vllm/vllm_engine/models/prithivMLmods--gemma-4-E4B-it-FP8/model.safetensors
-------------------------------------------------------------------------------

[#28297b 0B/0B CN:1 DL:0B]
 *** Download Progress Summary as of Thu Jul 16 08:22:22 2026 *** 
===============================================================================
[#28297b 0B/0B CN:1 DL:0B]
FILE: /home/ubuntu/h100-vllm/vllm_engine/models/prithivMLmods--gemma-4-E4B-it-FP8/model.safetensors
-------------------------------------------------------------------------------

[#28297b 0B/0B CN:1 DL:0B]
 *** Download Progress Summary as of Thu Jul 16 08:22:23 2026 *** 
===============================================================================
[#28297b 0B/0B CN:1 DL:0B]
FILE: /home/ubuntu/h100-vllm/vllm_engine/models/prithivMLmods--gemma-4-E4B-it-FP8/model.safetensors
-------------------------------------------------------------------------------

[#28297b 0B/0B CN:1 DL:0B]
 *** Download Progress Summary as of Thu Jul 16 08:22:24 2026 *** 
===============================================================================
[#28297b 0B/0B CN:1 DL:0B]
FILE: /home/ubuntu/h100-vllm/vllm_engine/models/prithivMLmods--gemma-4-E4B-it-FP8/model.safetensors
-------------------------------------------------------------------------------

[#28297b 0B/0B CN:1 DL:0B]
 *** Download Progress Summary as of Thu Jul 16 08:22:25 2026 *** 
===============================================================================
[#28297b 0B/0B CN:1 DL:0B]
FILE: /home/ubuntu/h100-vllm/vllm_engine/models/prithivMLmods--gemma-4-E4B-it-FP8/model.safetensors
-------------------------------------------------------------------------------

[#28297b 0B/0B CN:1 DL:0B]
 *** Download Progress Summary as of Thu Jul 16 08:22:26 2026 *** 
===============================================================================
[#28297b 0B/0B CN:1 DL:0B]
FILE: /home/ubuntu/h100-vllm/vllm_engine/models/prithivMLmods--gemma-4-E4B-it-FP8/model.safetensors
-------------------------------------------------------------------------------

[#28297b 0B/0B CN:1 DL:0B]
 *** Download Progress Summary as of Thu Jul 16 08:22:27 2026 *** 
===============================================================================
[#28297b 0B/0B CN:1 DL:0B]
FILE: /home/ubuntu/h100-vllm/vllm_engine/models/prithivMLmods--gemma-4-E4B-it-FP8/model.safetensors
-------------------------------------------------------------------------------

[#28297b 0B/0B CN:1 DL:0B]
 *** Download Progress Summary as of Thu Jul 16 08:22:28 2026 *** 
===============================================================================
[#28297b 0B/0B CN:1 DL:0B]
FILE: /home/ubuntu/h100-vllm/vllm_engine/models/prithivMLmods--gemma-4-E4B-it-FP8/model.safetensors
-------------------------------------------------------------------------------

[#28297b 0B/0B CN:1 DL:0B]
 *** Download Progress Summary as of Thu Jul 16 08:22:29 2026 *** 
===============================================================================
[#28297b 0B/0B CN:1 DL:0B]
FILE: /home/ubuntu/h100-vllm/vllm_engine/models/prithivMLmods--gemma-4-E4B-it-FP8/model.safetensors
-------------------------------------------------------------------------------

[#28297b 0B/0B CN:1 DL:0B]
 *** Download Progress Summary as of Thu Jul 16 08:22:30 2026 *** 
===============================================================================
[#28297b 0B/0B CN:1 DL:0B]
FILE: /home/ubuntu/h100-vllm/vllm_engine/models/prithivMLmods--gemma-4-E4B-it-FP8/model.safetensors
-------------------------------------------------------------------------------

[#28297b 0B/0B CN:1 DL:0B]
 *** Download Progress Summary as of Thu Jul 16 08:22:31 2026 *** 
===============================================================================
[#28297b 0B/0B CN:1 DL:0B]
FILE: /home/ubuntu/h100-vllm/vllm_engine/models/prithivMLmods--gemma-4-E4B-it-FP8/model.safetensors
-------------------------------------------------------------------------------

[#28297b 0B/0B CN:1 DL:0B]
 *** Download Progress Summary as of Thu Jul 16 08:22:32 2026 *** 
===============================================================================
[#28297b 0B/0B CN:1 DL:0B]
FILE: /home/ubuntu/h100-vllm/vllm_engine/models/prithivMLmods--gemma-4-E4B-it-FP8/model.safetensors
-------------------------------------------------------------------------------

[#28297b 0B/0B CN:1 DL:0B]
 *** Download Progress Summary as of Thu Jul 16 08:22:33 2026 *** 
===============================================================================
[#28297b 0B/0B CN:1 DL:0B]
FILE: /home/ubuntu/h100-vllm/vllm_engine/models/prithivMLmods--gemma-4-E4B-it-FP8/model.safetensors
-------------------------------------------------------------------------------

[#28297b 0B/0B CN:1 DL:0B]
 *** Download Progress Summary as of Thu Jul 16 08:22:34 2026 *** 
===============================================================================
[#28297b 0B/0B CN:1 DL:0B]
FILE: /home/ubuntu/h100-vllm/vllm_engine/models/prithivMLmods--gemma-4-E4B-it-FP8/model.safetensors
-------------------------------------------------------------------------------

[#28297b 0B/0B CN:1 DL:0B]
 *** Download Progress Summary as of Thu Jul 16 08:22:35 2026 *** 
===============================================================================
[#28297b 0B/0B CN:1 DL:0B]
FILE: /home/ubuntu/h100-vllm/vllm_engine/models/prithivMLmods--gemma-4-E4B-it-FP8/model.safetensors
-------------------------------------------------------------------------------

[#28297b 0B/0B CN:1 DL:0B]
 *** Download Progress Summary as of Thu Jul 16 08:22:36 2026 *** 
===============================================================================
[#28297b 0B/0B CN:1 DL:0B]
FILE: /home/ubuntu/h100-vllm/vllm_engine/models/prithivMLmods--gemma-4-E4B-it-FP8/model.safetensors
-------------------------------------------------------------------------------

[#28297b 0B/0B CN:1 DL:0B]
 *** Download Progress Summary as of Thu Jul 16 08:22:37 2026 *** 
===============================================================================
[#28297b 0B/0B CN:1 DL:0B]
FILE: /home/ubuntu/h100-vllm/vllm_engine/models/prithivMLmods--gemma-4-E4B-it-FP8/model.safetensors
-------------------------------------------------------------------------------

[#28297b 0B/0B CN:1 DL:0B]
 *** Download Progress Summary as of Thu Jul 16 08:22:38 2026 *** 
===============================================================================
[#28297b 0B/0B CN:1 DL:0B]
FILE: /home/ubuntu/h100-vllm/vllm_engine/models/prithivMLmods--gemma-4-E4B-it-FP8/model.safetensors
-------------------------------------------------------------------------------

[#28297b 0B/0B CN:1 DL:0B]
 *** Download Progress Summary as of Thu Jul 16 08:22:39 2026 *** 
===============================================================================
[#28297b 0B/0B CN:1 DL:0B]
FILE: /home/ubuntu/h100-vllm/vllm_engine/models/prithivMLmods--gemma-4-E4B-it-FP8/model.safetensors
-------------------------------------------------------------------------------

[#28297b 0B/0B CN:1 DL:0B]
 *** Download Progress Summary as of Thu Jul 16 08:22:40 2026 *** 
===============================================================================
[#28297b 0B/0B CN:1 DL:0B]
FILE: /home/ubuntu/h100-vllm/vllm_engine/models/prithivMLmods--gemma-4-E4B-it-FP8/model.safetensors
-------------------------------------------------------------------------------

[#28297b 0B/0B CN:1 DL:0B]
 *** Download Progress Summary as of Thu Jul 16 08:22:41 2026 *** 
===============================================================================
[#28297b 0B/0B CN:0 DL:0B]
FILE: /home/ubuntu/h100-vllm/vllm_engine/models/prithivMLmods--gemma-4-E4B-it-FP8/model.safetensors
-------------------------------------------------------------------------------

[#28297b 0B/0B CN:0 DL:0B]
 *** Download Progress Summary as of Thu Jul 16 08:22:42 2026 *** 
===============================================================================
[#28297b 0B/0B CN:0 DL:0B]
FILE: /home/ubuntu/h100-vllm/vllm_engine/models/prithivMLmods--gemma-4-E4B-it-FP8/model.safetensors
-------------------------------------------------------------------------------

[#28297b 0B/0B CN:0 DL:0B]
 *** Download Progress Summary as of Thu Jul 16 08:22:43 2026 *** 
===============================================================================
[#28297b 0B/0B CN:0 DL:0B]
FILE: /home/ubuntu/h100-vllm/vllm_engine/models/prithivMLmods--gemma-4-E4B-it-FP8/model.safetensors
-------------------------------------------------------------------------------

[#28297b 0B/0B CN:0 DL:0B]
 *** Download Progress Summary as of Thu Jul 16 08:22:44 2026 *** 
===============================================================================
[#28297b 0B/0B CN:1 DL:0B]
FILE: /home/ubuntu/h100-vllm/vllm_engine/models/prithivMLmods--gemma-4-E4B-it-FP8/model.safetensors
-------------------------------------------------------------------------------

[#28297b 0B/0B CN:1 DL:0B]
 *** Download Progress Summary as of Thu Jul 16 08:22:45 2026 *** 
===============================================================================
[#28297b 0B/0B CN:1 DL:0B]
FILE: /home/ubuntu/h100-vllm/vllm_engine/models/prithivMLmods--gemma-4-E4B-it-FP8/model.safetensors
-------------------------------------------------------------------------------

[#28297b 0B/0B CN:1 DL:0B]
 *** Download Progress Summary as of Thu Jul 16 08:22:46 2026 *** 
===============================================================================
[#28297b 0B/0B CN:1 DL:0B]
FILE: /home/ubuntu/h100-vllm/vllm_engine/models/prithivMLmods--gemma-4-E4B-it-FP8/model.safetensors
-------------------------------------------------------------------------------

[#28297b 0B/0B CN:1 DL:0B]
 *** Download Progress Summary as of Thu Jul 16 08:22:47 2026 *** 
===============================================================================
[#28297b 0B/0B CN:1 DL:0B]
FILE: /home/ubuntu/h100-vllm/vllm_engine/models/prithivMLmods--gemma-4-E4B-it-FP8/model.safetensors
-------------------------------------------------------------------------------

[#28297b 0B/0B CN:1 DL:0B]
 *** Download Progress Summary as of Thu Jul 16 08:22:48 2026 *** 
===============================================================================
[#28297b 0B/0B CN:1 DL:0B]
FILE: /home/ubuntu/h100-vllm/vllm_engine/models/prithivMLmods--gemma-4-E4B-it-FP8/model.safetensors
-------------------------------------------------------------------------------

[#28297b 0B/0B CN:1 DL:0B]
 *** Download Progress Summary as of Thu Jul 16 08:22:49 2026 *** 
===============================================================================
[#28297b 0B/0B CN:1 DL:0B]
FILE: /home/ubuntu/h100-vllm/vllm_engine/models/prithivMLmods--gemma-4-E4B-it-FP8/model.safetensors
-------------------------------------------------------------------------------

[#28297b 0B/0B CN:1 DL:0B]
 *** Download Progress Summary as of Thu Jul 16 08:22:50 2026 *** 
===============================================================================
[#28297b 0B/0B CN:1 DL:0B]
FILE: /home/ubuntu/h100-vllm/vllm_engine/models/prithivMLmods--gemma-4-E4B-it-FP8/model.safetensors
-------------------------------------------------------------------------------

[#28297b 0B/0B CN:1 DL:0B]
 *** Download Progress Summary as of Thu Jul 16 08:22:51 2026 *** 
===============================================================================
[#28297b 0B/0B CN:1 DL:0B]
FILE: /home/ubuntu/h100-vllm/vllm_engine/models/prithivMLmods--gemma-4-E4B-it-FP8/model.safetensors
-------------------------------------------------------------------------------

[#28297b 0B/0B CN:1 DL:0B]
 *** Download Progress Summary as of Thu Jul 16 08:22:52 2026 *** 
===============================================================================
[#28297b 0B/0B CN:1 DL:0B]
FILE: /home/ubuntu/h100-vllm/vllm_engine/models/prithivMLmods--gemma-4-E4B-it-FP8/model.safetensors
-------------------------------------------------------------------------------

[#28297b 0B/0B CN:1 DL:0B]
 *** Download Progress Summary as of Thu Jul 16 08:22:53 2026 *** 
===============================================================================
[#28297b 0B/0B CN:1 DL:0B]
FILE: /home/ubuntu/h100-vllm/vllm_engine/models/prithivMLmods--gemma-4-E4B-it-FP8/model.safetensors
-------------------------------------------------------------------------------

[#28297b 0B/0B CN:1 DL:0B]
 *** Download Progress Summary as of Thu Jul 16 08:22:54 2026 *** 
===============================================================================
[#28297b 0B/0B CN:1 DL:0B]
FILE: /home/ubuntu/h100-vllm/vllm_engine/models/prithivMLmods--gemma-4-E4B-it-FP8/model.safetensors
-------------------------------------------------------------------------------

[#28297b 0B/0B CN:1 DL:0B]
 *** Download Progress Summary as of Thu Jul 16 08:22:55 2026 *** 
===============================================================================
[#28297b 0B/0B CN:1 DL:0B]
FILE: /home/ubuntu/h100-vllm/vllm_engine/models/prithivMLmods--gemma-4-E4B-it-FP8/model.safetensors
-------------------------------------------------------------------------------

[#28297b 0B/0B CN:1 DL:0B]
 *** Download Progress Summary as of Thu Jul 16 08:22:56 2026 *** 
===============================================================================
[#28297b 0B/0B CN:1 DL:0B]
FILE: /home/ubuntu/h100-vllm/vllm_engine/models/prithivMLmods--gemma-4-E4B-it-FP8/model.safetensors
-------------------------------------------------------------------------------

[#28297b 0B/0B CN:1 DL:0B]
 *** Download Progress Summary as of Thu Jul 16 08:22:57 2026 *** 
===============================================================================
[#28297b 0B/0B CN:1 DL:0B]
FILE: /home/ubuntu/h100-vllm/vllm_engine/models/prithivMLmods--gemma-4-E4B-it-FP8/model.safetensors
-------------------------------------------------------------------------------

[#28297b 0B/0B CN:1 DL:0B]
 *** Download Progress Summary as of Thu Jul 16 08:22:58 2026 *** 
===============================================================================
[#28297b 0B/0B CN:1 DL:0B]
FILE: /home/ubuntu/h100-vllm/vllm_engine/models/prithivMLmods--gemma-4-E4B-it-FP8/model.safetensors
-------------------------------------------------------------------------------

[#28297b 0B/0B CN:1 DL:0B]
 *** Download Progress Summary as of Thu Jul 16 08:22:59 2026 *** 
===============================================================================
[#28297b 0B/0B CN:1 DL:0B]
FILE: /home/ubuntu/h100-vllm/vllm_engine/models/prithivMLmods--gemma-4-E4B-it-FP8/model.safetensors
-------------------------------------------------------------------------------

[#28297b 0B/0B CN:1 DL:0B]
 *** Download Progress Summary as of Thu Jul 16 08:23:00 2026 *** 
===============================================================================
[#28297b 0B/0B CN:1 DL:0B]
FILE: /home/ubuntu/h100-vllm/vllm_engine/models/prithivMLmods--gemma-4-E4B-it-FP8/model.safetensors
-------------------------------------------------------------------------------

[#28297b 0B/0B CN:1 DL:0B]
 *** Download Progress Summary as of Thu Jul 16 08:23:01 2026 *** 
===============================================================================
[#28297b 0B/0B CN:1 DL:0B]
FILE: /home/ubuntu/h100-vllm/vllm_engine/models/prithivMLmods--gemma-4-E4B-it-FP8/model.safetensors
-------------------------------------------------------------------------------

[#28297b 0B/0B CN:1 DL:0B]
 *** Download Progress Summary as of Thu Jul 16 08:23:02 2026 *** 
===============================================================================
[#28297b 0B/0B CN:1 DL:0B]
FILE: /home/ubuntu/h100-vllm/vllm_engine/models/prithivMLmods--gemma-4-E4B-it-FP8/model.safetensors
-------------------------------------------------------------------------------

[#28297b 0B/0B CN:1 DL:0B]
 *** Download Progress Summary as of Thu Jul 16 08:23:03 2026 *** 
===============================================================================
[#28297b 0B/0B CN:1 DL:0B]
FILE: /home/ubuntu/h100-vllm/vllm_engine/models/prithivMLmods--gemma-4-E4B-it-FP8/model.safetensors
-------------------------------------------------------------------------------

[#28297b 0B/0B CN:1 DL:0B]
 *** Download Progress Summary as of Thu Jul 16 08:23:04 2026 *** 
===============================================================================
[#28297b 0B/0B CN:1 DL:0B]
FILE: /home/ubuntu/h100-vllm/vllm_engine/models/prithivMLmods--gemma-4-E4B-it-FP8/model.safetensors
-------------------------------------------------------------------------------

[#28297b 0B/0B CN:1 DL:0B]
 *** Download Progress Summary as of Thu Jul 16 08:23:05 2026 *** 
===============================================================================
[#28297b 0B/0B CN:1 DL:0B]
FILE: /home/ubuntu/h100-vllm/vllm_engine/models/prithivMLmods--gemma-4-E4B-it-FP8/model.safetensors
-------------------------------------------------------------------------------

[#28297b 0B/0B CN:1 DL:0B]
 *** Download Progress Summary as of Thu Jul 16 08:23:06 2026 *** 
===============================================================================
[#28297b 0B/0B CN:1 DL:0B]
FILE: /home/ubuntu/h100-vllm/vllm_engine/models/prithivMLmods--gemma-4-E4B-it-FP8/model.safetensors
-------------------------------------------------------------------------------

[#28297b 0B/0B CN:1 DL:0B]
 *** Download Progress Summary as of Thu Jul 16 08:23:07 2026 *** 
===============================================================================
[#28297b 0B/0B CN:1 DL:0B]
FILE: /home/ubuntu/h100-vllm/vllm_engine/models/prithivMLmods--gemma-4-E4B-it-FP8/model.safetensors
-------------------------------------------------------------------------------

[#28297b 0B/0B CN:1 DL:0B]
 *** Download Progress Summary as of Thu Jul 16 08:23:08 2026 *** 
===============================================================================
[#28297b 0B/0B CN:1 DL:0B]
FILE: /home/ubuntu/h100-vllm/vllm_engine/models/prithivMLmods--gemma-4-E4B-it-FP8/model.safetensors
-------------------------------------------------------------------------------

[#28297b 0B/0B CN:1 DL:0B]
 *** Download Progress Summary as of Thu Jul 16 08:23:09 2026 *** 
===============================================================================
[#28297b 0B/0B CN:1 DL:0B]
FILE: /home/ubuntu/h100-vllm/vllm_engine/models/prithivMLmods--gemma-4-E4B-it-FP8/model.safetensors
-------------------------------------------------------------------------------

[#28297b 0B/0B CN:1 DL:0B]
 *** Download Progress Summary as of Thu Jul 16 08:23:10 2026 *** 
===============================================================================
[#28297b 0B/0B CN:1 DL:0B]
FILE: /home/ubuntu/h100-vllm/vllm_engine/models/prithivMLmods--gemma-4-E4B-it-FP8/model.safetensors
-------------------------------------------------------------------------------

[#28297b 0B/0B CN:1 DL:0B]
 *** Download Progress Summary as of Thu Jul 16 08:23:11 2026 *** 
===============================================================================
[#28297b 0B/0B CN:1 DL:0B]
FILE: /home/ubuntu/h100-vllm/vllm_engine/models/prithivMLmods--gemma-4-E4B-it-FP8/model.safetensors
-------------------------------------------------------------------------------

[#28297b 0B/0B CN:1 DL:0B]
 *** Download Progress Summary as of Thu Jul 16 08:23:12 2026 *** 
===============================================================================
[#28297b 0B/0B CN:1 DL:0B]
FILE: /home/ubuntu/h100-vllm/vllm_engine/models/prithivMLmods--gemma-4-E4B-it-FP8/model.safetensors
-------------------------------------------------------------------------------

[#28297b 0B/0B CN:1 DL:0B]
 *** Download Progress Summary as of Thu Jul 16 08:23:13 2026 *** 
===============================================================================
[#28297b 0B/0B CN:1 DL:0B]
FILE: /home/ubuntu/h100-vllm/vllm_engine/models/prithivMLmods--gemma-4-E4B-it-FP8/model.safetensors
-------------------------------------------------------------------------------

[#28297b 0B/0B CN:1 DL:0B]
 *** Download Progress Summary as of Thu Jul 16 08:23:14 2026 *** 
===============================================================================
[#28297b 0B/0B CN:0 DL:0B]
FILE: /home/ubuntu/h100-vllm/vllm_engine/models/prithivMLmods--gemma-4-E4B-it-FP8/model.safetensors
-------------------------------------------------------------------------------

[#28297b 0B/0B CN:0 DL:0B]
 *** Download Progress Summary as of Thu Jul 16 08:23:15 2026 *** 
===============================================================================
[#28297b 0B/0B CN:0 DL:0B]
FILE: /home/ubuntu/h100-vllm/vllm_engine/models/prithivMLmods--gemma-4-E4B-it-FP8/model.safetensors
-------------------------------------------------------------------------------

[#28297b 0B/0B CN:0 DL:0B]
 *** Download Progress Summary as of Thu Jul 16 08:23:16 2026 *** 
===============================================================================
[#28297b 0B/0B CN:0 DL:0B]
FILE: /home/ubuntu/h100-vllm/vllm_engine/models/prithivMLmods--gemma-4-E4B-it-FP8/model.safetensors
-------------------------------------------------------------------------------

[#28297b 0B/0B CN:0 DL:0B]
 *** Download Progress Summary as of Thu Jul 16 08:23:17 2026 *** 
===============================================================================
[#28297b 0B/0B CN:1 DL:0B]
FILE: /home/ubuntu/h100-vllm/vllm_engine/models/prithivMLmods--gemma-4-E4B-it-FP8/model.safetensors
-------------------------------------------------------------------------------

[#28297b 0B/0B CN:1 DL:0B]
 *** Download Progress Summary as of Thu Jul 16 08:23:18 2026 *** 
===============================================================================
[#28297b 0B/0B CN:1 DL:0B]
FILE: /home/ubuntu/h100-vllm/vllm_engine/models/prithivMLmods--gemma-4-E4B-it-FP8/model.safetensors
-------------------------------------------------------------------------------

[#28297b 0B/0B CN:1 DL:0B]
 *** Download Progress Summary as of Thu Jul 16 08:23:19 2026 *** 
===============================================================================
[#28297b 0B/0B CN:1 DL:0B]
FILE: /home/ubuntu/h100-vllm/vllm_engine/models/prithivMLmods--gemma-4-E4B-it-FP8/model.safetensors
-------------------------------------------------------------------------------

[#28297b 0B/0B CN:1 DL:0B]
 *** Download Progress Summary as of Thu Jul 16 08:23:20 2026 *** 
===============================================================================
[#28297b 0B/0B CN:1 DL:0B]
FILE: /home/ubuntu/h100-vllm/vllm_engine/models/prithivMLmods--gemma-4-E4B-it-FP8/model.safetensors
-------------------------------------------------------------------------------

[#28297b 0B/0B CN:1 DL:0B]
 *** Download Progress Summary as of Thu Jul 16 08:23:21 2026 *** 
===============================================================================
[#28297b 0B/0B CN:1 DL:0B]
FILE: /home/ubuntu/h100-vllm/vllm_engine/models/prithivMLmods--gemma-4-E4B-it-FP8/model.safetensors
-------------------------------------------------------------------------------

[#28297b 0B/0B CN:1 DL:0B]
 *** Download Progress Summary as of Thu Jul 16 08:23:22 2026 *** 
===============================================================================
[#28297b 0B/0B CN:1 DL:0B]
FILE: /home/ubuntu/h100-vllm/vllm_engine/models/prithivMLmods--gemma-4-E4B-it-FP8/model.safetensors
-------------------------------------------------------------------------------

[#28297b 0B/0B CN:1 DL:0B]
 *** Download Progress Summary as of Thu Jul 16 08:23:23 2026 *** 
===============================================================================
[#28297b 0B/0B CN:1 DL:0B]
FILE: /home/ubuntu/h100-vllm/vllm_engine/models/prithivMLmods--gemma-4-E4B-it-FP8/model.safetensors
-------------------------------------------------------------------------------

[#28297b 0B/0B CN:1 DL:0B]
 *** Download Progress Summary as of Thu Jul 16 08:23:24 2026 *** 
===============================================================================
[#28297b 0B/0B CN:1 DL:0B]
FILE: /home/ubuntu/h100-vllm/vllm_engine/models/prithivMLmods--gemma-4-E4B-it-FP8/model.safetensors
-------------------------------------------------------------------------------

[#28297b 0B/0B CN:1 DL:0B]
 *** Download Progress Summary as of Thu Jul 16 08:23:25 2026 *** 
===============================================================================
[#28297b 0B/0B CN:1 DL:0B]
FILE: /home/ubuntu/h100-vllm/vllm_engine/models/prithivMLmods--gemma-4-E4B-it-FP8/model.safetensors
-------------------------------------------------------------------------------

[#28297b 0B/0B CN:1 DL:0B]
 *** Download Progress Summary as of Thu Jul 16 08:23:26 2026 *** 
===============================================================================
[#28297b 0B/0B CN:1 DL:0B]
FILE: /home/ubuntu/h100-vllm/vllm_engine/models/prithivMLmods--gemma-4-E4B-it-FP8/model.safetensors
-------------------------------------------------------------------------------

[#28297b 0B/0B CN:1 DL:0B]
 *** Download Progress Summary as of Thu Jul 16 08:23:27 2026 *** 
===============================================================================
[#28297b 0B/0B CN:1 DL:0B]
FILE: /home/ubuntu/h100-vllm/vllm_engine/models/prithivMLmods--gemma-4-E4B-it-FP8/model.safetensors
-------------------------------------------------------------------------------

[#28297b 0B/0B CN:1 DL:0B]
 *** Download Progress Summary as of Thu Jul 16 08:23:28 2026 *** 
===============================================================================
[#28297b 0B/0B CN:1 DL:0B]
FILE: /home/ubuntu/h100-vllm/vllm_engine/models/prithivMLmods--gemma-4-E4B-it-FP8/model.safetensors
-------------------------------------------------------------------------------

[#28297b 0B/0B CN:1 DL:0B]
 *** Download Progress Summary as of Thu Jul 16 08:23:29 2026 *** 
===============================================================================
[#28297b 0B/0B CN:1 DL:0B]
FILE: /home/ubuntu/h100-vllm/vllm_engine/models/prithivMLmods--gemma-4-E4B-it-FP8/model.safetensors
-------------------------------------------------------------------------------

[#28297b 0B/0B CN:1 DL:0B]
 *** Download Progress Summary as of Thu Jul 16 08:23:30 2026 *** 
===============================================================================
[#28297b 0B/0B CN:1 DL:0B]
FILE: /home/ubuntu/h100-vllm/vllm_engine/models/prithivMLmods--gemma-4-E4B-it-FP8/model.safetensors
-------------------------------------------------------------------------------

[#28297b 0B/0B CN:1 DL:0B]
 *** Download Progress Summary as of Thu Jul 16 08:23:31 2026 *** 
===============================================================================
[#28297b 0B/0B CN:1 DL:0B]
FILE: /home/ubuntu/h100-vllm/vllm_engine/models/prithivMLmods--gemma-4-E4B-it-FP8/model.safetensors
-------------------------------------------------------------------------------

[#28297b 0B/0B CN:1 DL:0B]
 *** Download Progress Summary as of Thu Jul 16 08:23:32 2026 *** 
===============================================================================
[#28297b 0B/0B CN:1 DL:0B]
FILE: /home/ubuntu/h100-vllm/vllm_engine/models/prithivMLmods--gemma-4-E4B-it-FP8/model.safetensors
-------------------------------------------------------------------------------

[#28297b 0B/0B CN:1 DL:0B]
 *** Download Progress Summary as of Thu Jul 16 08:23:33 2026 *** 
===============================================================================
[#28297b 0B/0B CN:1 DL:0B]
FILE: /home/ubuntu/h100-vllm/vllm_engine/models/prithivMLmods--gemma-4-E4B-it-FP8/model.safetensors
-------------------------------------------------------------------------------

[#28297b 0B/0B CN:1 DL:0B]
 *** Download Progress Summary as of Thu Jul 16 08:23:34 2026 *** 
===============================================================================
[#28297b 0B/0B CN:1 DL:0B]
FILE: /home/ubuntu/h100-vllm/vllm_engine/models/prithivMLmods--gemma-4-E4B-it-FP8/model.safetensors
-------------------------------------------------------------------------------

[#28297b 0B/0B CN:1 DL:0B]
 *** Download Progress Summary as of Thu Jul 16 08:23:35 2026 *** 
===============================================================================
[#28297b 0B/0B CN:1 DL:0B]
FILE: /home/ubuntu/h100-vllm/vllm_engine/models/prithivMLmods--gemma-4-E4B-it-FP8/model.safetensors
-------------------------------------------------------------------------------

[#28297b 0B/0B CN:1 DL:0B]
 *** Download Progress Summary as of Thu Jul 16 08:23:36 2026 *** 
===============================================================================
[#28297b 0B/0B CN:1 DL:0B]
FILE: /home/ubuntu/h100-vllm/vllm_engine/models/prithivMLmods--gemma-4-E4B-it-FP8/model.safetensors
-------------------------------------------------------------------------------

[#28297b 0B/0B CN:1 DL:0B]
 *** Download Progress Summary as of Thu Jul 16 08:23:37 2026 *** 
===============================================================================
[#28297b 0B/0B CN:1 DL:0B]
FILE: /home/ubuntu/h100-vllm/vllm_engine/models/prithivMLmods--gemma-4-E4B-it-FP8/model.safetensors
-------------------------------------------------------------------------------

[#28297b 0B/0B CN:1 DL:0B]
 *** Download Progress Summary as of Thu Jul 16 08:23:38 2026 *** 
===============================================================================
[#28297b 0B/0B CN:1 DL:0B]
FILE: /home/ubuntu/h100-vllm/vllm_engine/models/prithivMLmods--gemma-4-E4B-it-FP8/model.safetensors
-------------------------------------------------------------------------------

[#28297b 0B/0B CN:1 DL:0B]
 *** Download Progress Summary as of Thu Jul 16 08:23:39 2026 *** 
===============================================================================
[#28297b 0B/0B CN:1 DL:0B]
FILE: /home/ubuntu/h100-vllm/vllm_engine/models/prithivMLmods--gemma-4-E4B-it-FP8/model.safetensors
-------------------------------------------------------------------------------

[#28297b 0B/0B CN:1 DL:0B]
 *** Download Progress Summary as of Thu Jul 16 08:23:40 2026 *** 
===============================================================================
[#28297b 0B/0B CN:1 DL:0B]
FILE: /home/ubuntu/h100-vllm/vllm_engine/models/prithivMLmods--gemma-4-E4B-it-FP8/model.safetensors
-------------------------------------------------------------------------------

[#28297b 0B/0B CN:1 DL:0B]
 *** Download Progress Summary as of Thu Jul 16 08:23:41 2026 *** 
===============================================================================
[#28297b 0B/0B CN:1 DL:0B]
FILE: /home/ubuntu/h100-vllm/vllm_engine/models/prithivMLmods--gemma-4-E4B-it-FP8/model.safetensors
-------------------------------------------------------------------------------

[#28297b 0B/0B CN:1 DL:0B]
 *** Download Progress Summary as of Thu Jul 16 08:23:42 2026 *** 
===============================================================================
[#28297b 0B/0B CN:1 DL:0B]
FILE: /home/ubuntu/h100-vllm/vllm_engine/models/prithivMLmods--gemma-4-E4B-it-FP8/model.safetensors
-------------------------------------------------------------------------------

[#28297b 0B/0B CN:1 DL:0B]
 *** Download Progress Summary as of Thu Jul 16 08:23:43 2026 *** 
===============================================================================
[#28297b 0B/0B CN:1 DL:0B]
FILE: /home/ubuntu/h100-vllm/vllm_engine/models/prithivMLmods--gemma-4-E4B-it-FP8/model.safetensors
-------------------------------------------------------------------------------

[#28297b 0B/0B CN:1 DL:0B]
 *** Download Progress Summary as of Thu Jul 16 08:23:44 2026 *** 
===============================================================================
[#28297b 0B/0B CN:1 DL:0B]
FILE: /home/ubuntu/h100-vllm/vllm_engine/models/prithivMLmods--gemma-4-E4B-it-FP8/model.safetensors
-------------------------------------------------------------------------------

[#28297b 0B/0B CN:1 DL:0B]
 *** Download Progress Summary as of Thu Jul 16 08:23:45 2026 *** 
===============================================================================
[#28297b 0B/0B CN:1 DL:0B]
FILE: /home/ubuntu/h100-vllm/vllm_engine/models/prithivMLmods--gemma-4-E4B-it-FP8/model.safetensors
-------------------------------------------------------------------------------

[#28297b 0B/0B CN:1 DL:0B]
 *** Download Progress Summary as of Thu Jul 16 08:23:46 2026 *** 
===============================================================================
[#28297b 0B/0B CN:1 DL:0B]
FILE: /home/ubuntu/h100-vllm/vllm_engine/models/prithivMLmods--gemma-4-E4B-it-FP8/model.safetensors
-------------------------------------------------------------------------------

[#28297b 0B/0B CN:1 DL:0B]
 *** Download Progress Summary as of Thu Jul 16 08:23:48 2026 *** 
===============================================================================
[#28297b 0B/0B CN:0 DL:0B]
FILE: /home/ubuntu/h100-vllm/vllm_engine/models/prithivMLmods--gemma-4-E4B-it-FP8/model.safetensors
-------------------------------------------------------------------------------

[#28297b 0B/0B CN:0 DL:0B]
 *** Download Progress Summary as of Thu Jul 16 08:23:49 2026 *** 
===============================================================================
[#28297b 0B/0B CN:0 DL:0B]
FILE: /home/ubuntu/h100-vllm/vllm_engine/models/prithivMLmods--gemma-4-E4B-it-FP8/model.safetensors
-------------------------------------------------------------------------------

[#28297b 0B/0B CN:0 DL:0B]
 *** Download Progress Summary as of Thu Jul 16 08:23:50 2026 *** 
===============================================================================
[#28297b 0B/0B CN:0 DL:0B]
FILE: /home/ubuntu/h100-vllm/vllm_engine/models/prithivMLmods--gemma-4-E4B-it-FP8/model.safetensors
-------------------------------------------------------------------------------

[#28297b 0B/0B CN:0 DL:0B]
 *** Download Progress Summary as of Thu Jul 16 08:23:51 2026 *** 
===============================================================================
[#28297b 0B/0B CN:1 DL:0B]
FILE: /home/ubuntu/h100-vllm/vllm_engine/models/prithivMLmods--gemma-4-E4B-it-FP8/model.safetensors
-------------------------------------------------------------------------------

[#28297b 0B/0B CN:1 DL:0B]
 *** Download Progress Summary as of Thu Jul 16 08:23:52 2026 *** 
===============================================================================
[#28297b 0B/0B CN:1 DL:0B]
FILE: /home/ubuntu/h100-vllm/vllm_engine/models/prithivMLmods--gemma-4-E4B-it-FP8/model.safetensors
-------------------------------------------------------------------------------

[#28297b 0B/0B CN:1 DL:0B]
 *** Download Progress Summary as of Thu Jul 16 08:23:53 2026 *** 
===============================================================================
[#28297b 0B/0B CN:1 DL:0B]
FILE: /home/ubuntu/h100-vllm/vllm_engine/models/prithivMLmods--gemma-4-E4B-it-FP8/model.safetensors
-------------------------------------------------------------------------------

[#28297b 0B/0B CN:1 DL:0B]
 *** Download Progress Summary as of Thu Jul 16 08:23:54 2026 *** 
===============================================================================
[#28297b 0B/0B CN:1 DL:0B]
FILE: /home/ubuntu/h100-vllm/vllm_engine/models/prithivMLmods--gemma-4-E4B-it-FP8/model.safetensors
-------------------------------------------------------------------------------

[#28297b 0B/0B CN:1 DL:0B]
 *** Download Progress Summary as of Thu Jul 16 08:23:55 2026 *** 
===============================================================================
[#28297b 0B/0B CN:1 DL:0B]
FILE: /home/ubuntu/h100-vllm/vllm_engine/models/prithivMLmods--gemma-4-E4B-it-FP8/model.safetensors
-------------------------------------------------------------------------------

[#28297b 0B/0B CN:1 DL:0B]
 *** Download Progress Summary as of Thu Jul 16 08:23:56 2026 *** 
===============================================================================
[#28297b 0B/0B CN:1 DL:0B]
FILE: /home/ubuntu/h100-vllm/vllm_engine/models/prithivMLmods--gemma-4-E4B-it-FP8/model.safetensors
-------------------------------------------------------------------------------

[#28297b 0B/0B CN:1 DL:0B]
 *** Download Progress Summary as of Thu Jul 16 08:23:57 2026 *** 
===============================================================================
[#28297b 0B/0B CN:1 DL:0B]
FILE: /home/ubuntu/h100-vllm/vllm_engine/models/prithivMLmods--gemma-4-E4B-it-FP8/model.safetensors
-------------------------------------------------------------------------------

[#28297b 0B/0B CN:1 DL:0B]
 *** Download Progress Summary as of Thu Jul 16 08:23:58 2026 *** 
===============================================================================
[#28297b 0B/0B CN:1 DL:0B]
FILE: /home/ubuntu/h100-vllm/vllm_engine/models/prithivMLmods--gemma-4-E4B-it-FP8/model.safetensors
-------------------------------------------------------------------------------

[#28297b 0B/0B CN:1 DL:0B]
 *** Download Progress Summary as of Thu Jul 16 08:23:59 2026 *** 
===============================================================================
[#28297b 0B/0B CN:1 DL:0B]
FILE: /home/ubuntu/h100-vllm/vllm_engine/models/prithivMLmods--gemma-4-E4B-it-FP8/model.safetensors
-------------------------------------------------------------------------------

[#28297b 0B/0B CN:1 DL:0B]
 *** Download Progress Summary as of Thu Jul 16 08:24:00 2026 *** 
===============================================================================
[#28297b 0B/0B CN:1 DL:0B]
FILE: /home/ubuntu/h100-vllm/vllm_engine/models/prithivMLmods--gemma-4-E4B-it-FP8/model.safetensors
-------------------------------------------------------------------------------

[#28297b 0B/0B CN:1 DL:0B]
 *** Download Progress Summary as of Thu Jul 16 08:24:01 2026 *** 
===============================================================================
[#28297b 0B/0B CN:1 DL:0B]
FILE: /home/ubuntu/h100-vllm/vllm_engine/models/prithivMLmods--gemma-4-E4B-it-FP8/model.safetensors
-------------------------------------------------------------------------------

[#28297b 0B/0B CN:1 DL:0B]
 *** Download Progress Summary as of Thu Jul 16 08:24:02 2026 *** 
===============================================================================
[#28297b 0B/0B CN:1 DL:0B]
FILE: /home/ubuntu/h100-vllm/vllm_engine/models/prithivMLmods--gemma-4-E4B-it-FP8/model.safetensors
-------------------------------------------------------------------------------

[#28297b 0B/0B CN:1 DL:0B]
 *** Download Progress Summary as of Thu Jul 16 08:24:03 2026 *** 
===============================================================================
[#28297b 0B/0B CN:1 DL:0B]
FILE: /home/ubuntu/h100-vllm/vllm_engine/models/prithivMLmods--gemma-4-E4B-it-FP8/model.safetensors
-------------------------------------------------------------------------------

[#28297b 0B/0B CN:1 DL:0B]
 *** Download Progress Summary as of Thu Jul 16 08:24:04 2026 *** 
===============================================================================
[#28297b 0B/0B CN:1 DL:0B]
FILE: /home/ubuntu/h100-vllm/vllm_engine/models/prithivMLmods--gemma-4-E4B-it-FP8/model.safetensors
-------------------------------------------------------------------------------

[#28297b 0B/0B CN:1 DL:0B]
 *** Download Progress Summary as of Thu Jul 16 08:24:05 2026 *** 
===============================================================================
[#28297b 0B/0B CN:1 DL:0B]
FILE: /home/ubuntu/h100-vllm/vllm_engine/models/prithivMLmods--gemma-4-E4B-it-FP8/model.safetensors
-------------------------------------------------------------------------------

[#28297b 0B/0B CN:1 DL:0B]
 *** Download Progress Summary as of Thu Jul 16 08:24:06 2026 *** 
===============================================================================
[#28297b 0B/0B CN:1 DL:0B]
FILE: /home/ubuntu/h100-vllm/vllm_engine/models/prithivMLmods--gemma-4-E4B-it-FP8/model.safetensors
-------------------------------------------------------------------------------

[#28297b 0B/0B CN:1 DL:0B]
 *** Download Progress Summary as of Thu Jul 16 08:24:07 2026 *** 
===============================================================================
[#28297b 0B/0B CN:1 DL:0B]
FILE: /home/ubuntu/h100-vllm/vllm_engine/models/prithivMLmods--gemma-4-E4B-it-FP8/model.safetensors
-------------------------------------------------------------------------------

[#28297b 0B/0B CN:1 DL:0B]
 *** Download Progress Summary as of Thu Jul 16 08:24:08 2026 *** 
===============================================================================
[#28297b 0B/0B CN:1 DL:0B]
FILE: /home/ubuntu/h100-vllm/vllm_engine/models/prithivMLmods--gemma-4-E4B-it-FP8/model.safetensors
-------------------------------------------------------------------------------

[#28297b 0B/0B CN:1 DL:0B]
 *** Download Progress Summary as of Thu Jul 16 08:24:09 2026 *** 
===============================================================================
[#28297b 0B/0B CN:1 DL:0B]
FILE: /home/ubuntu/h100-vllm/vllm_engine/models/prithivMLmods--gemma-4-E4B-it-FP8/model.safetensors
-------------------------------------------------------------------------------

[#28297b 0B/0B CN:1 DL:0B]
 *** Download Progress Summary as of Thu Jul 16 08:24:10 2026 *** 
===============================================================================
[#28297b 0B/0B CN:1 DL:0B]
FILE: /home/ubuntu/h100-vllm/vllm_engine/models/prithivMLmods--gemma-4-E4B-it-FP8/model.safetensors
-------------------------------------------------------------------------------

[#28297b 0B/0B CN:1 DL:0B]
 *** Download Progress Summary as of Thu Jul 16 08:24:11 2026 *** 
===============================================================================
[#28297b 0B/0B CN:1 DL:0B]
FILE: /home/ubuntu/h100-vllm/vllm_engine/models/prithivMLmods--gemma-4-E4B-it-FP8/model.safetensors
-------------------------------------------------------------------------------

[#28297b 0B/0B CN:1 DL:0B]
 *** Download Progress Summary as of Thu Jul 16 08:24:12 2026 *** 
===============================================================================
[#28297b 0B/0B CN:1 DL:0B]
FILE: /home/ubuntu/h100-vllm/vllm_engine/models/prithivMLmods--gemma-4-E4B-it-FP8/model.safetensors
-------------------------------------------------------------------------------

[#28297b 0B/0B CN:1 DL:0B]
 *** Download Progress Summary as of Thu Jul 16 08:24:13 2026 *** 
===============================================================================
[#28297b 0B/0B CN:1 DL:0B]
FILE: /home/ubuntu/h100-vllm/vllm_engine/models/prithivMLmods--gemma-4-E4B-it-FP8/model.safetensors
-------------------------------------------------------------------------------

[#28297b 0B/0B CN:1 DL:0B]
 *** Download Progress Summary as of Thu Jul 16 08:24:14 2026 *** 
===============================================================================
[#28297b 0B/0B CN:1 DL:0B]
FILE: /home/ubuntu/h100-vllm/vllm_engine/models/prithivMLmods--gemma-4-E4B-it-FP8/model.safetensors
-------------------------------------------------------------------------------

[#28297b 0B/0B CN:1 DL:0B]
 *** Download Progress Summary as of Thu Jul 16 08:24:15 2026 *** 
===============================================================================
[#28297b 0B/0B CN:1 DL:0B]
FILE: /home/ubuntu/h100-vllm/vllm_engine/models/prithivMLmods--gemma-4-E4B-it-FP8/model.safetensors
-------------------------------------------------------------------------------

[#28297b 0B/0B CN:1 DL:0B]
 *** Download Progress Summary as of Thu Jul 16 08:24:16 2026 *** 
===============================================================================
[#28297b 0B/0B CN:1 DL:0B]
FILE: /home/ubuntu/h100-vllm/vllm_engine/models/prithivMLmods--gemma-4-E4B-it-FP8/model.safetensors
-------------------------------------------------------------------------------

[#28297b 0B/0B CN:1 DL:0B]
 *** Download Progress Summary as of Thu Jul 16 08:24:17 2026 *** 
===============================================================================
[#28297b 0B/0B CN:1 DL:0B]
FILE: /home/ubuntu/h100-vllm/vllm_engine/models/prithivMLmods--gemma-4-E4B-it-FP8/model.safetensors
-------------------------------------------------------------------------------

[#28297b 0B/0B CN:1 DL:0B]
 *** Download Progress Summary as of Thu Jul 16 08:24:18 2026 *** 
===============================================================================
[#28297b 0B/0B CN:1 DL:0B]
FILE: /home/ubuntu/h100-vllm/vllm_engine/models/prithivMLmods--gemma-4-E4B-it-FP8/model.safetensors
-------------------------------------------------------------------------------

[#28297b 0B/0B CN:1 DL:0B]
 *** Download Progress Summary as of Thu Jul 16 08:24:19 2026 *** 
===============================================================================
[#28297b 0B/0B CN:1 DL:0B]
FILE: /home/ubuntu/h100-vllm/vllm_engine/models/prithivMLmods--gemma-4-E4B-it-FP8/model.safetensors
-------------------------------------------------------------------------------

[#28297b 0B/0B CN:1 DL:0B]
 *** Download Progress Summary as of Thu Jul 16 08:24:20 2026 *** 
===============================================================================
[#28297b 0B/0B CN:1 DL:0B]
FILE: /home/ubuntu/h100-vllm/vllm_engine/models/prithivMLmods--gemma-4-E4B-it-FP8/model.safetensors
-------------------------------------------------------------------------------

[#28297b 0B/0B CN:1 DL:0B]
 *** Download Progress Summary as of Thu Jul 16 08:24:21 2026 *** 
===============================================================================
[#28297b 0B/0B CN:0 DL:0B]
FILE: /home/ubuntu/h100-vllm/vllm_engine/models/prithivMLmods--gemma-4-E4B-it-FP8/model.safetensors
-------------------------------------------------------------------------------

[#28297b 0B/0B CN:0 DL:0B]
 *** Download Progress Summary as of Thu Jul 16 08:24:22 2026 *** 
===============================================================================
[#28297b 0B/0B CN:0 DL:0B]
FILE: /home/ubuntu/h100-vllm/vllm_engine/models/prithivMLmods--gemma-4-E4B-it-FP8/model.safetensors
-------------------------------------------------------------------------------

[#28297b 0B/0B CN:0 DL:0B]
 *** Download Progress Summary as of Thu Jul 16 08:24:23 2026 *** 
===============================================================================
[#28297b 0B/0B CN:0 DL:0B]
FILE: /home/ubuntu/h100-vllm/vllm_engine/models/prithivMLmods--gemma-4-E4B-it-FP8/model.safetensors
-------------------------------------------------------------------------------

[#28297b 0B/0B CN:0 DL:0B]
 *** Download Progress Summary as of Thu Jul 16 08:24:24 2026 *** 
===============================================================================
[#28297b 0B/0B CN:1 DL:0B]
FILE: /home/ubuntu/h100-vllm/vllm_engine/models/prithivMLmods--gemma-4-E4B-it-FP8/model.safetensors
-------------------------------------------------------------------------------

[#28297b 0B/0B CN:1 DL:0B]
 *** Download Progress Summary as of Thu Jul 16 08:24:25 2026 *** 
===============================================================================
[#28297b 0B/0B CN:1 DL:0B]
FILE: /home/ubuntu/h100-vllm/vllm_engine/models/prithivMLmods--gemma-4-E4B-it-FP8/model.safetensors
-------------------------------------------------------------------------------

[#28297b 0B/0B CN:1 DL:0B]
 *** Download Progress Summary as of Thu Jul 16 08:24:26 2026 *** 
===============================================================================
[#28297b 0B/0B CN:1 DL:0B]
FILE: /home/ubuntu/h100-vllm/vllm_engine/models/prithivMLmods--gemma-4-E4B-it-FP8/model.safetensors
-------------------------------------------------------------------------------

[#28297b 0B/0B CN:1 DL:0B]
 *** Download Progress Summary as of Thu Jul 16 08:24:27 2026 *** 
===============================================================================
[#28297b 0B/0B CN:1 DL:0B]
FILE: /home/ubuntu/h100-vllm/vllm_engine/models/prithivMLmods--gemma-4-E4B-it-FP8/model.safetensors
-------------------------------------------------------------------------------

[#28297b 0B/0B CN:1 DL:0B]
 *** Download Progress Summary as of Thu Jul 16 08:24:28 2026 *** 
===============================================================================
[#28297b 0B/0B CN:1 DL:0B]
FILE: /home/ubuntu/h100-vllm/vllm_engine/models/prithivMLmods--gemma-4-E4B-it-FP8/model.safetensors
-------------------------------------------------------------------------------

[#28297b 0B/0B CN:1 DL:0B]
 *** Download Progress Summary as of Thu Jul 16 08:24:29 2026 *** 
===============================================================================
[#28297b 0B/0B CN:1 DL:0B]
FILE: /home/ubuntu/h100-vllm/vllm_engine/models/prithivMLmods--gemma-4-E4B-it-FP8/model.safetensors
-------------------------------------------------------------------------------

[#28297b 0B/0B CN:1 DL:0B]
 *** Download Progress Summary as of Thu Jul 16 08:24:30 2026 *** 
===============================================================================
[#28297b 0B/0B CN:1 DL:0B]
FILE: /home/ubuntu/h100-vllm/vllm_engine/models/prithivMLmods--gemma-4-E4B-it-FP8/model.safetensors
-------------------------------------------------------------------------------

[#28297b 0B/0B CN:1 DL:0B]
 *** Download Progress Summary as of Thu Jul 16 08:24:31 2026 *** 
===============================================================================
[#28297b 0B/0B CN:1 DL:0B]
FILE: /home/ubuntu/h100-vllm/vllm_engine/models/prithivMLmods--gemma-4-E4B-it-FP8/model.safetensors
-------------------------------------------------------------------------------

[#28297b 0B/0B CN:1 DL:0B]
 *** Download Progress Summary as of Thu Jul 16 08:24:32 2026 *** 
===============================================================================
[#28297b 0B/0B CN:1 DL:0B]
FILE: /home/ubuntu/h100-vllm/vllm_engine/models/prithivMLmods--gemma-4-E4B-it-FP8/model.safetensors
-------------------------------------------------------------------------------

[#28297b 0B/0B CN:1 DL:0B]
 *** Download Progress Summary as of Thu Jul 16 08:24:33 2026 *** 
===============================================================================
[#28297b 0B/0B CN:1 DL:0B]
FILE: /home/ubuntu/h100-vllm/vllm_engine/models/prithivMLmods--gemma-4-E4B-it-FP8/model.safetensors
-------------------------------------------------------------------------------

[#28297b 0B/0B CN:1 DL:0B]
 *** Download Progress Summary as of Thu Jul 16 08:24:34 2026 *** 
===============================================================================
[#28297b 0B/0B CN:1 DL:0B]
FILE: /home/ubuntu/h100-vllm/vllm_engine/models/prithivMLmods--gemma-4-E4B-it-FP8/model.safetensors
-------------------------------------------------------------------------------

[#28297b 0B/0B CN:1 DL:0B]
 *** Download Progress Summary as of Thu Jul 16 08:24:35 2026 *** 
===============================================================================
[#28297b 0B/0B CN:1 DL:0B]
FILE: /home/ubuntu/h100-vllm/vllm_engine/models/prithivMLmods--gemma-4-E4B-it-FP8/model.safetensors
-------------------------------------------------------------------------------

[#28297b 0B/0B CN:1 DL:0B]
 *** Download Progress Summary as of Thu Jul 16 08:24:36 2026 *** 
===============================================================================
[#28297b 0B/0B CN:1 DL:0B]
FILE: /home/ubuntu/h100-vllm/vllm_engine/models/prithivMLmods--gemma-4-E4B-it-FP8/model.safetensors
-------------------------------------------------------------------------------

[#28297b 0B/0B CN:1 DL:0B]
 *** Download Progress Summary as of Thu Jul 16 08:24:37 2026 *** 
===============================================================================
[#28297b 0B/0B CN:1 DL:0B]
FILE: /home/ubuntu/h100-vllm/vllm_engine/models/prithivMLmods--gemma-4-E4B-it-FP8/model.safetensors
-------------------------------------------------------------------------------

[#28297b 0B/0B CN:1 DL:0B]
 *** Download Progress Summary as of Thu Jul 16 08:24:38 2026 *** 
===============================================================================
[#28297b 0B/0B CN:1 DL:0B]
FILE: /home/ubuntu/h100-vllm/vllm_engine/models/prithivMLmods--gemma-4-E4B-it-FP8/model.safetensors
-------------------------------------------------------------------------------

[#28297b 0B/0B CN:1 DL:0B]
 *** Download Progress Summary as of Thu Jul 16 08:24:39 2026 *** 
===============================================================================
[#28297b 0B/0B CN:1 DL:0B]
FILE: /home/ubuntu/h100-vllm/vllm_engine/models/prithivMLmods--gemma-4-E4B-it-FP8/model.safetensors
-------------------------------------------------------------------------------

[#28297b 0B/0B CN:1 DL:0B]
 *** Download Progress Summary as of Thu Jul 16 08:24:40 2026 *** 
===============================================================================
[#28297b 0B/0B CN:1 DL:0B]
FILE: /home/ubuntu/h100-vllm/vllm_engine/models/prithivMLmods--gemma-4-E4B-it-FP8/model.safetensors
-------------------------------------------------------------------------------

[#28297b 0B/0B CN:1 DL:0B]
 *** Download Progress Summary as of Thu Jul 16 08:24:41 2026 *** 
===============================================================================
[#28297b 0B/0B CN:1 DL:0B]
FILE: /home/ubuntu/h100-vllm/vllm_engine/models/prithivMLmods--gemma-4-E4B-it-FP8/model.safetensors
-------------------------------------------------------------------------------

[#28297b 0B/0B CN:1 DL:0B]
 *** Download Progress Summary as of Thu Jul 16 08:24:42 2026 *** 
===============================================================================
[#28297b 0B/0B CN:1 DL:0B]
FILE: /home/ubuntu/h100-vllm/vllm_engine/models/prithivMLmods--gemma-4-E4B-it-FP8/model.safetensors
-------------------------------------------------------------------------------

[#28297b 0B/0B CN:1 DL:0B]
 *** Download Progress Summary as of Thu Jul 16 08:24:43 2026 *** 
===============================================================================
[#28297b 0B/0B CN:1 DL:0B]
FILE: /home/ubuntu/h100-vllm/vllm_engine/models/prithivMLmods--gemma-4-E4B-it-FP8/model.safetensors
-------------------------------------------------------------------------------

[#28297b 0B/0B CN:1 DL:0B]
 *** Download Progress Summary as of Thu Jul 16 08:24:44 2026 *** 
===============================================================================
[#28297b 0B/0B CN:1 DL:0B]
FILE: /home/ubuntu/h100-vllm/vllm_engine/models/prithivMLmods--gemma-4-E4B-it-FP8/model.safetensors
-------------------------------------------------------------------------------

[#28297b 0B/0B CN:1 DL:0B]
 *** Download Progress Summary as of Thu Jul 16 08:24:45 2026 *** 
===============================================================================
[#28297b 0B/0B CN:1 DL:0B]
FILE: /home/ubuntu/h100-vllm/vllm_engine/models/prithivMLmods--gemma-4-E4B-it-FP8/model.safetensors
-------------------------------------------------------------------------------

[#28297b 0B/0B CN:1 DL:0B]
 *** Download Progress Summary as of Thu Jul 16 08:24:46 2026 *** 
===============================================================================
[#28297b 0B/0B CN:1 DL:0B]
FILE: /home/ubuntu/h100-vllm/vllm_engine/models/prithivMLmods--gemma-4-E4B-it-FP8/model.safetensors
-------------------------------------------------------------------------------

[#28297b 0B/0B CN:1 DL:0B]
 *** Download Progress Summary as of Thu Jul 16 08:24:47 2026 *** 
===============================================================================
[#28297b 0B/0B CN:1 DL:0B]
FILE: /home/ubuntu/h100-vllm/vllm_engine/models/prithivMLmods--gemma-4-E4B-it-FP8/model.safetensors
-------------------------------------------------------------------------------

[#28297b 0B/0B CN:1 DL:0B]
 *** Download Progress Summary as of Thu Jul 16 08:24:48 2026 *** 
===============================================================================
[#28297b 0B/0B CN:1 DL:0B]
FILE: /home/ubuntu/h100-vllm/vllm_engine/models/prithivMLmods--gemma-4-E4B-it-FP8/model.safetensors
-------------------------------------------------------------------------------

[#28297b 0B/0B CN:1 DL:0B]
 *** Download Progress Summary as of Thu Jul 16 08:24:49 2026 *** 
===============================================================================
[#28297b 0B/0B CN:1 DL:0B]
FILE: /home/ubuntu/h100-vllm/vllm_engine/models/prithivMLmods--gemma-4-E4B-it-FP8/model.safetensors
-------------------------------------------------------------------------------

[#28297b 0B/0B CN:1 DL:0B]
 *** Download Progress Summary as of Thu Jul 16 08:24:50 2026 *** 
===============================================================================
[#28297b 0B/0B CN:1 DL:0B]
FILE: /home/ubuntu/h100-vllm/vllm_engine/models/prithivMLmods--gemma-4-E4B-it-FP8/model.safetensors
-------------------------------------------------------------------------------

[#28297b 0B/0B CN:1 DL:0B]
 *** Download Progress Summary as of Thu Jul 16 08:24:51 2026 *** 
===============================================================================
[#28297b 0B/0B CN:1 DL:0B]
FILE: /home/ubuntu/h100-vllm/vllm_engine/models/prithivMLmods--gemma-4-E4B-it-FP8/model.safetensors
-------------------------------------------------------------------------------

[#28297b 0B/0B CN:1 DL:0B]
 *** Download Progress Summary as of Thu Jul 16 08:24:52 2026 *** 
===============================================================================
[#28297b 0B/0B CN:1 DL:0B]
FILE: /home/ubuntu/h100-vllm/vllm_engine/models/prithivMLmods--gemma-4-E4B-it-FP8/model.safetensors
-------------------------------------------------------------------------------

[#28297b 0B/0B CN:1 DL:0B]
 *** Download Progress Summary as of Thu Jul 16 08:24:53 2026 *** 
===============================================================================
[#28297b 0B/0B CN:1 DL:0B]
FILE: /home/ubuntu/h100-vllm/vllm_engine/models/prithivMLmods--gemma-4-E4B-it-FP8/model.safetensors
-------------------------------------------------------------------------------

[#28297b 0B/0B CN:1 DL:0B]

07/16 08:24:53 [[1;31mERROR[0m] CUID#7 - Download aborted. URI=https://huggingface.co/prithivMLmods/gemma-4-E4B-it-FP8/resolve/main/model.safetensors?download=true
Exception: [HttpSkipResponseCommand.cc:235] errorCode=29 The response status is not successful. status=504

Download Results:
gid   |stat|avg speed  |path/URI
======+====+===========+=======================================================
28297b|ERR |       0B/s|/home/ubuntu/h100-vllm/vllm_engine/models/prithivMLmods--gemma-4-E4B-it-FP8/model.safetensors

Status Legend:
(ERR):error occurred.

aria2 will resume download if the transfer is restarted.
If there are any errors, then see the log file. See '-l' option in help/man page for details.
